honorific	lastName	firstName	birthdate	phoneNumber	email
M.	BORROTI MATIAS DANTAS	Raphaël	1976-07-10	0328178508	rborrotimatiasdantas4171@free.fr
Mme	OLMEADA MARAIS	Nor	1983-12-09	0418932546	nolmeadamarais1551@gmail.com
Mme	RAYES GEMEZ	Olena	1992-08-28	0532731620	orayesgemez5313@outlook.com
Mme	SING	Ainhoa	1982-11-09	0705224200	asing8183@free.fr
M.	ABDIULLINA	David Alexander	1975-01-07	0590232772	david-alexander.abdiullina@laposte.net
M.	WOAGNER	Moez	1984-08-16	0832205629	moez.woagner@laposte.net
M.	HONRY	Matteo	1996-02-17	0482381862	matteo.honry@yahoo.com
M.	CECCANI	Kevin	1982-02-16	0664426037	kevin.ceccani@hotmail.com
Mme	VOYRET	Alice	1988-08-13	0486856520	alice.voyret@hotmail.com
M.	RINERD	Julien	1989-05-16	0727252485	jrinerd5241@yahoo.com
M.	WOSTPHOL	Olivier	1983-05-24	0860680312	owostphol@gmail.com
M.	GIYRAUD	Vincent	1994-12-07	0518940604	vincent.giyraud@yahoo.com
M.	KLOEN	Benjamin	1997-07-07	0220989602	benjamin.kloen@yahoo.com
M.	UNLU	Adrien	1986-04-09	0367699654	adrien.unlu@laposte.net
M.	MIE	Romain	1994-11-17	0307363387	romain.mie@free.fr
Mme	BEUOLLOT	Audrey-Laure	1993-04-10	0202294489	audrey-laure.beuollot@gmail.com
M.	DALMARRE	Jose Luis	1994-05-17	0549997540	jose-luis.dalmarre@free.fr
M.	BOUTILIB	Stéfan	1987-09-17	0552505347	stefan.boutilib@gmail.com
M.	GOGUOLLOT	Rémy	1987-06-03	0477151696	rgoguollot@gmail.com
M.	CRAPAN	Louis	1977-12-16	0351726095	lcrapan8910@hotmail.com
M.	LAAZEZ	Julien	1991-03-03	0789257237	julien.laazez@hotmail.com
M.	BOUOCHRANA	Xavier	1976-01-17	0507002403	xbouochrana@hotmail.com
M.	SIDAR	Criti	1986-05-26	0942244718	criti.sidar@outlook.com
M.	RALLOND	Antoine	1985-11-18	0300853587	antoine.rallond@gmail.com
M.	THEE THIEN NGHIA	Yann	1975-12-16	0998247431	ytheethiennghia8688@laposte.net
M.	PARTEER	Lucas	1991-06-25	0338752096	lparteer8884@gmail.com
M.	BIUVAER	Nacer	1987-12-19	0308160740	nacer.biuvaer@yahoo.com
M.	VILLEN	Ali	1992-08-05	0269635308	ali.villen@hotmail.com
M.	FOULA	Aurélien	1994-09-11	0640971720	afoula6009@gmail.com
M.	STARRS	Lucas	1979-05-31	0113140081	lstarrs496@laposte.net
M.	EL GHROB	Joris Nicolas	1996-11-03	0187556598	jelghrob4781@free.fr
M.	TRIN	Yoann	1997-10-01	0650322544	yoann.trin@hotmail.com
M.	MEKHTERO	Bogdan Mihai	1992-11-12	0175787757	bogdan-mihai.mekhtero@laposte.net
M.	MONOTTO	Josué	1990-01-26	0195535864	jmonotto449@free.fr
M.	PATTIT	Philipe	1991-01-19	0438848608	ppattit@outlook.com
M.	MITHAIS	Franck	1996-11-06	0418269213	franck.mithais@outlook.com
Mme	LOU	Silvia	1985-01-22	0378851388	silvia.lou@laposte.net
M.	JULOON	Renaud	1996-10-12	0340084975	rjuloon@gmail.com
M.	IGARWAL	Mick	1992-07-09	0590579778	mick.igarwal@outlook.com
M.	COTOLANO	Benjamin	1988-03-30	0739902865	benjamin.cotolano@gmail.com
M.	KLANGSHEIM	Alexis	1992-09-28	0297899026	aklangsheim3542@yahoo.com
M.	IULIS	Deschances	1974-06-18	0346764898	diulis907@free.fr
M.	LEU	Frédéric	1984-05-12	0818612679	frederic.leu@yahoo.com
M.	BRICHTI	Michael	1981-04-01	0578720036	michael.brichti@outlook.com
M.	DURAF	Vincent	1988-09-05	0102651424	vincent.duraf@gmail.com
M.	BONSAL	Martin	1995-05-19	0603847954	mbonsal8320@gmail.com
M.	PRIMEULT	Cheng	1971-10-03	0618703838	cprimeult7807@hotmail.com
Mme	SOUMOELLIN	Stéphanie	1983-05-22	0239372281	ssoumoellin3265@yahoo.com
M.	WOSTERLAND	Michaël	1982-06-08	0306449347	michael.wosterland@outlook.com
M.	PETHIN	Ismael	1983-08-03	0469760096	ipethin4798@laposte.net
M.	GOYAT	Michaël	1991-10-19	0869780675	mgoyat@yahoo.com
M.	OYOUB	Khalid	1990-01-18	0164758327	koyoub3682@laposte.net
M.	GECQUOL	Jérôme	1987-04-09	0151969353	jerome.gecquol@outlook.com
M.	DUCLIS-MOYNA-BRESSIND	Juan Carlos	1990-11-11	0475222876	juan-carlos.duclis-moyna-bressind@gmail.com
M.	EKIN	Yachen	1983-11-16	0406224761	yekin6704@yahoo.com
M.	DA ALMEADA	Lucas	1988-11-23	0222930358	ldaalmeada5311@laposte.net
Mme	GAYEL	Camille	1984-05-19	0428007020	cgayel5170@free.fr
M.	GAMAZ HERNENDEZ	Antoine	1993-05-24	0260543745	antoine.gamaz-hernendez@hotmail.com
M.	JELY	Sébastien	1991-01-12	0288498098	sjely9488@outlook.com
Mme	BOIUVAAS	Saskia	1992-02-14	0355885411	saskia.boiuvaas@free.fr
M.	DUFFY-CIISSORD	Franco	1996-09-05	0930818759	fduffy-ciissord@yahoo.com
M.	FRAPAN	Thomas	1986-07-07	0553989230	tfrapan4114@free.fr
M.	HOLGERT	Yoann	1992-03-22	0583381026	yholgert4839@outlook.com
M.	BAURGIOOS	Rafael	1985-03-25	0535249412	rafael.baurgioos@hotmail.com
M.	GORVEIS	Vianney	1995-05-03	0271988194	vgorveis1260@outlook.com
M.	BLIT ROUX	Thomas	1985-03-27	0447789852	thomas.blit-roux@gmail.com
M.	CALERI CORTES	Chen	1970-10-28	0837530918	ccalericortes6619@outlook.com
M.	CHIBAH	Pierre-Henri	1987-06-14	0295682848	pierre-henri.chibah@yahoo.com
M.	CHAUSSAERE	Dana	1996-04-17	0944045216	dana.chaussaere@gmail.com
M.	FILCH	Julien	1978-03-09	0272772252	julien.filch@outlook.com
M.	NGUYAN	Meng	1979-10-21	0807440244	mnguyan2059@outlook.com
M.	ILBA	Jose	1993-08-23	0406836368	jilba@hotmail.com
M.	DEKEW	Samuel	1984-04-18	0713200950	sdekew4845@yahoo.com
M.	DEEZ MILLAN	Eduardo	1993-04-01	0240220484	edeezmillan@laposte.net
M.	HIUELLON	Juan Felix	1997-11-30	0189275148	juan-felix.hiuellon@free.fr
M.	BARGHENI	Lionel	1986-03-17	0656816294	lionel.bargheni@free.fr
M.	THEUVANON-JENNER	Gwenaël	1983-10-07	0682832325	gwenael.theuvanon-jenner@outlook.com
Mme	ROUVEIRE	Yaelle	1986-10-16	0722193930	yaelle.rouveire@outlook.com
M.	OGARWAL	Alexandru	1991-07-07	0456231397	aogarwal@outlook.com
Mme	VOLLENUOVA ZACARIAS	Ainhoa	1987-05-08	0859181663	ainhoa.vollenuova-zacarias@free.fr
M.	AUGUSTAN	Frédéric	1993-08-26	0849969775	faugustan3695@outlook.com
M.	DEAN	Fabio	1995-07-11	0872512646	fabio.dean@outlook.com
M.	BIAGNO	Mathis	1989-04-04	0331780874	mbiagno4065@laposte.net
M.	MADREE	Maximilian	1979-05-05	0728220252	maximilian.madree@free.fr
Mme	SIDRY	Flavia	1991-11-05	0561582103	fsidry6460@hotmail.com
M.	HUING	Paul	1994-10-21	0873369755	paul.huing@free.fr
M.	ISCINDELL	Quentin	1974-04-17	0159696393	qiscindell4962@hotmail.com
M.	SIJILMISSI	Thibaut	1995-01-28	0143413882	thibaut.sijilmissi@laposte.net
M.	DURINTAN	Youssef	1997-04-20	0833767742	ydurintan4548@yahoo.com
Mme	LIHMAM BONNANI	Elisa	1994-09-13	0206582557	elisa.lihmam-bonnani@yahoo.com
M.	DREAI	Andres Eugenio	1995-04-23	0388086325	andres-eugenio.dreai@gmail.com
M.	CRIUX	Lyes	1993-01-06	0394836966	lcriux2062@hotmail.com
M.	KERAMNES	Romain	1978-01-10	0723696339	rkeramnes7888@yahoo.com
M.	VORY	Quentin	1973-10-04	0392492772	qvory5639@laposte.net
Mme	TO	Yixin	1994-04-30	0388239624	yto@hotmail.com
M.	NAGUEIRI DE SOUZA	Mathias	1992-02-20	0931360527	mnagueiridesouza@gmail.com
M.	HERNENDEZ	Grégory	1988-09-29	0756438609	ghernendez@yahoo.com
Mme	MORON	Oana-Maria	1987-11-13	0790561609	oana-maria.moron@outlook.com
M.	BABARAER	Raphaël	1983-11-30	0862614921	rbabaraer@outlook.com
M.	GUOGUEN	Richard	1970-12-15	0262090059	rguoguen@hotmail.com
M.	VERY	Johann	1995-10-30	0560527019	jvery112@outlook.com
M.	ASCEUTE	Nicolas	1987-08-17	0931763010	nasceute@gmail.com
M.	DOVED	Stéphane	1982-12-13	0152947597	stephane.doved@outlook.com
M.	BLECH	Benoît	1976-11-19	0399031794	bblech7507@free.fr
M.	TIAXEIRA DA CUNHA JUNIER	Marouane	1995-01-30	0961652444	mtiaxeiradacunhajunier5110@free.fr
M.	BRIVET	Rémi	1997-03-08	0720517002	remi.brivet@hotmail.com
M.	INADAA PONAFFI	Damien	1997-12-04	0176507917	damien.inadaa-ponaffi@laposte.net
Mme	DESHOYES	Tracey	1984-10-26	0270003003	tdeshoyes4046@yahoo.com
M.	ZONTEDESCHI	Guillaume	1989-02-07	0857708855	guillaume.zontedeschi@yahoo.com
M.	CHOS	Nicolas	1992-10-31	0872632641	nchos6250@outlook.com
M.	ADI ABDALLAH OUMBAROK	Julien	1983-09-10	0400773382	julien.adi-abdallah-oumbarok@outlook.com
M.	BETTAL	Thiago	1983-08-01	0880909800	thiago.bettal@laposte.net
M.	DOSSOU-GBATE	Emmanuel	1991-01-21	0802562476	emmanuel.dossou-gbate@free.fr
M.	LOURONT	Sébastien	1989-10-31	0705816871	sebastien.louront@yahoo.com
M.	JIAN	Sébastien	1988-02-08	0395730422	sjian@outlook.com
M.	ZOBONGE	Rafael Armando	1989-03-15	0257054651	rzobonge8769@laposte.net
Mme	MENETTO	Catalin	1973-05-17	0964474543	cmenetto1960@gmail.com
Mme	DEVELLE	Servane	1992-05-24	0829249483	servane.develle@outlook.com
M.	IGUIL FORRER	Guillaume	1992-03-17	0810286833	guillaume.iguil-forrer@free.fr
M.	ZIHLAKE	Nicolas	1987-02-18	0508618538	nicolas.zihlake@outlook.com
Mme	IGARWAL	Manon	1973-07-03	0871922334	manon.igarwal@laposte.net
M.	SENCHIZ	Marc	1996-11-14	0938101703	msenchiz1104@laposte.net
M.	TIMAILLON	Dan	1997-06-04	0551035127	dan.timaillon@outlook.com
M.	CIMOTS	Lucas	1970-01-30	0905584011	lucas.cimots@gmail.com
M.	CHAS	Chongguang	1994-07-19	0661727682	cchas9019@outlook.com
M.	LAZONO ROMERO	Radouan	1996-10-12	0310541825	radouan.lazono-romero@yahoo.com
M.	CLIMENT	Jérémy	1996-06-21	0896616491	jeremy.climent@hotmail.com
M.	DALHOMME	Ali	1983-12-10	0496365932	adalhomme1395@outlook.com
M.	FAVRO	Samuel	1989-03-15	0642049305	sfavro@free.fr
M.	BLOCHI	Hicham	1987-01-04	0146451069	hicham.blochi@laposte.net
Mme	DO MORI MARTEN	Souad	1976-02-03	0535729621	souad.do-mori-marten@gmail.com
M.	BOSKURT	Xavier	1995-08-17	0833990833	xboskurt@yahoo.com
M.	GATTIRO	Vitor Paulo	1981-06-28	0942191942	vitor-paulo.gattiro@hotmail.com
M.	FOURA	Stéphane	1991-05-22	0543158561	sfoura1322@laposte.net
M.	STARRS	Jean	1995-06-19	0472668490	jean.starrs@outlook.com
M.	HOLLE	Benjamin	1991-12-17	0954234114	benjamin.holle@gmail.com
M.	ZHU	Fabien	1978-06-12	0181849564	fabien.zhu@laposte.net
M.	FARIST	Alexis	1978-11-10	0753048493	alexis.farist@outlook.com
M.	BLENCHARD	Lambert	1986-01-22	0188182929	lblenchard7206@gmail.com
M.	REPLUMEZ	Sylvain	1984-09-06	0684231858	sylvain.replumez@free.fr
M.	MIENE	Philipp	1993-08-30	0963476700	philipp.miene@hotmail.com
M.	RIYNIUD	Martin	1976-06-11	0183766588	mriyniud9456@free.fr
M.	JICQUET	Emiliano	1977-05-19	0409541672	emiliano.jicquet@hotmail.com
Mme	SAORFOCK	Myriam	1987-01-21	0534766147	msaorfock1741@gmail.com
Mme	ZAMERA CRESOSTOMO	Yunjie	1995-08-24	0758052382	yunjie.zamera-cresostomo@outlook.com
M.	EISSA	Mehdi	1985-03-25	0580114700	mehdi.eissa@yahoo.com
M.	MIHAJAN	Adrian	1990-03-20	0170364126	adrian.mihajan@outlook.com
M.	GROSAAVA	Kilian	1986-04-09	0420148686	kilian.grosaava@outlook.com
Mme	BRADIAR	Silvia	1990-06-06	0261602886	silvia.bradiar@free.fr
M.	MIREN	Johann	1973-12-29	0870393985	johann.miren@gmail.com
M.	DENACI	Yu Kan	1986-12-25	0510363475	yu-kan.denaci@hotmail.com
M.	FOVRAAUX	Zhifan	1995-12-03	0861104789	zfovraaux4676@yahoo.com
M.	RITILIO	Yvon Patrick	1987-12-23	0686468605	yritilio3830@yahoo.com
M.	BANTIKOUS	Anh-Toàn	1992-07-19	0243307255	anh-toan.bantikous@yahoo.com
Mme	LOANG	Yi	1990-02-19	0462966893	yloang4636@hotmail.com
M.	MEE	Mathieu	1994-04-30	0430438518	mathieu.mee@laposte.net
Mme	CHARLOT	Valérie	1970-03-25	0262705507	valerie.charlot@yahoo.com
M.	SENOPAYIN	Nicolas	1987-04-08	0788091695	nsenopayin6186@yahoo.com
M.	INDRADO SELVA	Matteo	1990-09-20	0150527394	matteo.indrado-selva@outlook.com
Mme	DA SELVA SERAPIAA	Julie	1990-07-20	0971188782	jdaselvaserapiaa@gmail.com
M.	GEMEZ HERNENDEZ	Michaël	1972-06-04	0408425872	michael.gemez-hernendez@laposte.net
M.	DINIEUD	Hoang Son	1993-11-09	0610503985	hoang-son.dinieud@hotmail.com
M.	FANTEN	Cédric	1992-06-12	0122897771	cfanten9224@yahoo.com
Mme	HEUSTANT	Iulia-Margareta	1984-02-26	0672188486	iheustant@gmail.com
M.	DOMONGUAS	Salim	1987-02-07	0902507762	salim.domonguas@hotmail.com
M.	BANTREI	Stuart	1986-04-14	0359612265	stuart.bantrei@gmail.com
M.	SINIPAYON	Mohammed Oussama	1986-07-28	0673640811	msinipayon2394@yahoo.com
M.	TRIVINI	Karim	1996-10-05	0502689856	karim.trivini@hotmail.com
M.	MELLADA QUONTANA	Louis-Jean	1991-10-31	0304333735	louis-jean.mellada-quontana@outlook.com
M.	BURGIS HARRERE	Vincent	1973-04-26	0427316387	vburgisharrere6760@outlook.com
Mme	EMAYAL	Julie	1991-11-11	0250110196	jemayal@gmail.com
M.	MATAGIT	Moez	1979-01-30	0645490503	mmatagit9413@hotmail.com
Mme	BENNIT	Liliana	1983-04-05	0483098974	lbennit9568@outlook.com
M.	ZOAURAR	Adrian Alejandro	1984-06-03	0531638893	azoaurar@outlook.com
M.	DUPORTOL	Radu	1984-02-24	0930748119	radu.duportol@yahoo.com
M.	IL MENSOURA	Yoann	1996-07-30	0389667066	yilmensoura2193@hotmail.com
M.	PIREVERTAYLE	Fernando	1971-11-08	0583765002	fernando.pirevertayle@gmail.com
M.	HSASSON	Banu	1985-04-27	0802960190	banu.hsasson@yahoo.com
M.	FRESSERD	Stéphane	1995-07-29	0740521535	stephane.fresserd@yahoo.com
M.	LAGUOLLE	Othmane	1990-04-22	0570561829	othmane.laguolle@gmail.com
M.	RAINORI	Benoît	1996-01-06	0726029748	brainori4694@laposte.net
M.	AL FATHA	Antonio	1979-02-14	0585006841	antonio.al-fatha@hotmail.com
M.	MOUZELA	Benjamin	1989-01-19	0866688688	benjamin.mouzela@hotmail.com
M.	CLOMENT	Charlie	1987-06-07	0686619136	charlie.cloment@free.fr
M.	MAUHSANA	Maxime	1985-05-17	0226839865	mmauhsana2154@outlook.com
M.	DUREF	Sylvain	1976-07-26	0585537460	sduref@laposte.net
M.	GOTTIRO	Vitor Paulo	1992-03-13	0747187125	vitor-paulo.gottiro@laposte.net
M.	VORRON	Vincent	1989-03-26	0742734911	vincent.vorron@laposte.net
M.	DUCHIR	Anas	1978-11-18	0217978846	anas.duchir@free.fr
M.	THARIND	Frédéric	1991-12-01	0385086039	ftharind9839@outlook.com
M.	PEREORI-REIS	Alexandre	1990-12-18	0537439342	alexandre.pereori-reis@free.fr
M.	RABESCHE	Nicolas	1986-07-20	0355448779	nrabesche@outlook.com
M.	LE RAY	Nicolas	1982-11-20	0556745873	nicolas.le-ray@free.fr
M.	RECHERD	Camille	1980-04-28	0688768595	crecherd@gmail.com
M.	THALOT	Libin	1985-07-22	0663518853	libin.thalot@free.fr
M.	GISCHE	Vincent	1988-03-25	0819372585	vgische@laposte.net
Mme	GAVREY	Myriam	1987-05-03	0661758831	mgavrey1840@laposte.net
M.	GUARIN	Jean-Marie	1984-09-29	0625518856	jguarin8959@free.fr
M.	BERTHAER	Rafael	1994-01-11	0728322861	rberthaer2095@gmail.com
M.	FEUGARIY	Brice	1993-01-17	0360178075	brice.feugariy@hotmail.com
M.	JON	Julien	1995-03-26	0285669730	jjon3041@laposte.net
Mme	IL FATHO	Anéva	1979-02-21	0286066103	ailfatho2061@outlook.com
M.	FARNENDEZ FERNANDEZ	Yoram	1988-05-15	0584603990	yoram.farnendez-fernandez@gmail.com
M.	PISCA	Yibin	1995-01-17	0310206374	yibin.pisca@yahoo.com
M.	GISSMANN	Cyril	1986-12-23	0330759516	cyril.gissmann@laposte.net
Mme	RAOSS	Dounia	1990-06-25	0311501996	draoss@outlook.com
M.	LO	Rémy	1983-09-13	0657032250	remy.lo@outlook.com
Mme	RABESCHE	Claire	1992-05-08	0806368526	crabesche@laposte.net
M.	KNOUER	Stéphane	1980-04-11	0928969191	stephane.knouer@hotmail.com
M.	DICONINCK	Nicolas	1979-08-21	0751391384	nicolas.diconinck@laposte.net
M.	SCHIRTENLEEB	Sébastien	1994-03-09	0767095190	sebastien.schirtenleeb@laposte.net
M.	DENG	Christophe	1988-05-21	0771980857	christophe.deng@hotmail.com
M.	GUILLAU	Jean-Brice	1990-03-20	0355628569	jguillau@gmail.com
M.	VOYRET	Victor	1985-10-31	0369384026	victor.voyret@outlook.com
M.	GORNY	Cédric	1990-06-10	0107488197	cgorny9575@gmail.com
M.	SILZGIBER	Raphael	1973-11-21	0601848765	raphael.silzgiber@hotmail.com
M.	ILBART	Tobias	1971-05-04	0982635020	tilbart9142@yahoo.com
M.	VIUXEUR	Sébastien	1983-09-08	0756530923	sviuxeur9319@gmail.com
M.	BONNES	Jetmir	1972-04-08	0301669316	jetmir.bonnes@gmail.com
M.	PAOI	Othmane	1997-10-14	0549477261	opaoi@laposte.net
M.	GUYORD	Paulo	1984-01-09	0773271673	pguyord5987@hotmail.com
Mme	MILREC	Charlotte	1970-07-23	0704616866	cmilrec9009@yahoo.com
M.	IRNAUD	Nicolas	1995-08-25	0301074955	nirnaud874@hotmail.com
M.	CHIUMOTTE	Romain	1997-07-21	0163842232	romain.chiumotte@hotmail.com
M.	TASTEVUIDE	Sébastien	1995-08-09	0302356352	sebastien.tastevuide@hotmail.com
M.	SEMONNIT	Walid	1993-03-22	0287856816	wsemonnit8079@outlook.com
M.	MACHEL	Sébastien	1971-10-25	0418488995	sebastien.machel@laposte.net
M.	BONNOARI	Clément	1994-10-05	0271120571	cbonnoari@outlook.com
M.	DU	Nicolas	1990-08-31	0846446806	ndu2574@laposte.net
M.	FONG	Duc Duy	1984-02-10	0825694629	duc-duy.fong@free.fr
M.	JAONG	Jose Carlos	1980-03-07	0443501590	jjaong6675@outlook.com
M.	TIRSEN	Franck	1986-08-25	0608625447	franck.tirsen@free.fr
M.	PETIIT	Florian	1987-02-16	0896090724	fpetiit@outlook.com
M.	SEARFICK	Jacques-Olivier	1996-08-14	0778454199	jacques-olivier.searfick@hotmail.com
M.	JAMBOT	Jonathan	1992-08-02	0831895356	jonathan.jambot@outlook.com
M.	CII	Tobias	1984-05-09	0117772484	tcii5932@gmail.com
M.	STINCULOSCU	Lucas	1992-09-07	0128083139	lstinculoscu3325@gmail.com
M.	MCGRAGAR	Zouhair	1983-08-01	0483430670	zouhair.mcgragar@laposte.net
M.	DA SALVA	Michaël	1970-04-17	0988634459	mdasalva1215@laposte.net
M.	CABALLERE LLANOS	Mustafa	1990-01-27	0892854923	mustafa.caballere-llanos@gmail.com
M.	MIREN	Arthur	1990-02-02	0239479143	arthur.miren@gmail.com
M.	HILLE	Nicolas	1989-08-29	0854233508	nhille@laposte.net
M.	ANDRADO SELVA	Baptiste	1989-05-03	0490902116	bandradoselva@hotmail.com
M.	CROPET	Quentin	1978-04-13	0855972835	qcropet@yahoo.com
M.	MOUSTINFII	Aurélien	1989-10-11	0858640060	aurelien.moustinfii@free.fr
M.	LA	Reda	1978-10-01	0379661587	rla8258@gmail.com
M.	BOCHATENE	Matthieu	1984-07-06	0866886125	mbochatene7051@yahoo.com
M.	FAUCHOT	Josselin	1996-11-05	0544860376	josselin.fauchot@laposte.net
M.	SCHOUBOR	Thomas	1990-11-08	0198362519	thomas.schoubor@free.fr
M.	PHEN	Leonardo	1988-04-06	0472427801	leonardo.phen@hotmail.com
M.	ELTOR	Nicolas	1990-08-31	0637004922	neltor1201@gmail.com
M.	GRANGI-PRADERAS	Johan	1988-01-27	0647125934	johan.grangi-praderas@free.fr
M.	DESSO	Mathieu	1987-04-28	0828572118	mathieu.desso@laposte.net
M.	SALBANNE	Nicolas	1988-09-19	0956161051	nicolas.salbanne@gmail.com
M.	ODAYER	Emmanuel	1988-07-08	0506058066	emmanuel.odayer@yahoo.com
M.	HILLE	Rémi	1995-08-27	0744960042	remi.hille@free.fr
M.	RASSITTO	Aurélien	1988-12-11	0278693958	arassitto184@laposte.net
M.	REUSSEOU	Samuel	1988-06-12	0639628189	samuel.reusseou@yahoo.com
M.	DURHIM	Guillaume	1993-11-01	0389867586	guillaume.durhim@hotmail.com
M.	GINZILEZ ZARATE	Hugo	1993-11-12	0139530112	hugo.ginzilez-zarate@yahoo.com
M.	FIURE	Vincent	1997-07-03	0630242722	vfiure@gmail.com
M.	HOLGERT	Thibault	1987-06-10	0577299375	thibault.holgert@outlook.com
M.	CENI	Antoine	1984-03-10	0389459290	aceni6863@gmail.com
M.	CORPINTEERI	Ousema	1995-08-15	0778800343	ocorpinteeri7712@yahoo.com
M.	PIQUOMAL	Arthur	1988-04-19	0204671230	apiquomal6380@hotmail.com
M.	MECHIN	Pierre-Antoine	1992-10-04	0447017615	pmechin8510@gmail.com
M.	TEMBORRINO	Théo	1984-09-13	0754041806	theo.temborrino@gmail.com
M.	DES SANTOS OLIVAIRA	Tiago	1988-11-28	0895750182	tiago.des-santos-olivaira@outlook.com
M.	JOONNOT	Jun Ghai	1995-11-08	0445881816	jun-ghai.joonnot@hotmail.com
Mme	FOUCERD	Mélodie	1982-11-05	0958375084	mfoucerd@hotmail.com
M.	JAMBOT	Adrien	1995-11-08	0720191074	ajambot2611@laposte.net
M.	NOHAL	Jérémy	1997-12-03	0986095276	jnohal6912@gmail.com
M.	LOGAY	Romain	1971-11-03	0171402424	rlogay993@gmail.com
M.	NOUDO	Florent	1995-03-16	0379478524	fnoudo1232@gmail.com
M.	BINDROSS	Alex	1994-03-31	0665135867	alex.bindross@laposte.net
M.	AXBROYAT	Thibault	1984-07-30	0836975535	thibault.axbroyat@outlook.com
M.	DALHEMME	Clément	1995-06-29	0744210659	clement.dalhemme@yahoo.com
Mme	DIRIUSSEN	Agnieszka	1992-02-23	0403990913	agnieszka.diriussen@gmail.com
M.	BROYNOT	Nicolas	1972-03-09	0267260504	nbroynot8442@laposte.net
M.	HOBERT	Alexis	1975-09-12	0793044329	alexis.hobert@outlook.com
M.	SEMENNOT	Jean-Kristian	1991-06-09	0760890201	jsemennot1115@laposte.net
M.	ESIZA VEGA	Lionel	1994-10-21	0553444249	lesizavega@hotmail.com
M.	SELBENNE	Arnaud	1995-07-27	0199377186	arnaud.selbenne@gmail.com
M.	HIRNOY	Jan	1981-06-21	0182410764	jan.hirnoy@laposte.net
M.	DIURILLE	Haoyu	1977-01-16	0893250746	hdiurille1574@laposte.net
M.	BORONGER	Joris	1990-05-12	0514133110	joris.boronger@hotmail.com
M.	RANAUX	Yoann	1989-10-11	0212682015	yoann.ranaux@hotmail.com
M.	DO PESQUALI	Alexis	1989-06-05	0743545528	alexis.do-pesquali@free.fr
M.	BROYNET	Pierre-Yves	1996-10-03	0217520725	pbroynet9267@outlook.com
M.	LO	Stéphane	1989-07-30	0882662597	slo3502@gmail.com
M.	GEORD	Charly	1984-05-14	0645551104	charly.geord@gmail.com
M.	LO	Teodor	1997-03-23	0174026707	teodor.lo@outlook.com
M.	DIS SANTOS OLEVIIRA	Julien	1978-11-06	0888362752	julien.dis-santos-oleviira@hotmail.com
M.	KEY	Romain	1992-04-04	0144833273	romain.key@gmail.com
M.	ROPAULT	Andres Eugenio	1983-05-15	0811743691	aropault@yahoo.com
M.	HIRNOY	Kevin	1990-02-19	0607436392	kevin.hirnoy@hotmail.com
M.	BASOTELLA	Jérémy	1986-06-07	0255003079	jbasotella9255@outlook.com
Mme	LAFEBVRE	Zakaria	1971-03-31	0489580657	zlafebvre6355@laposte.net
M.	OMOYAL	Xiao	1987-03-17	0974852217	xomoyal2894@hotmail.com
M.	BAUCHOUEREB	Benoit	1994-06-16	0174434845	bbauchouereb6851@gmail.com
M.	BOTTAL	Alexandru	1984-05-20	0459899841	alexandru.bottal@hotmail.com
M.	BEUZID	Gaëtan	1972-01-29	0914112906	gbeuzid4218@outlook.com
M.	EL MUFTE	Timothée	1988-07-08	0211105962	telmufte@laposte.net
M.	BIRRITA MATEAS DANTAS	Walaa	1985-01-27	0410470726	wbirritamateasdantas9178@yahoo.com
Mme	FRINCHAT	Erika	1997-10-17	0195111691	efrinchat@yahoo.com
Mme	TSOFACK LOKEUNDJO	Hanae	1973-09-10	0704193935	htsofacklokeundjo1462@gmail.com
Mme	POEI	Nathalie	1983-04-29	0359793452	npoei4475@yahoo.com
M.	PEREORE-REIS	Clément	1995-07-21	0440335377	clement.pereore-reis@laposte.net
Mme	BARRAZA PONTE	Elody	1974-04-17	0215207038	elody.barraza-ponte@laposte.net
M.	DIMENGUES	Jérémy	1975-07-19	0562039765	jeremy.dimengues@free.fr
M.	OUDIER	Victor	1990-04-13	0938417990	voudier3913@free.fr
M.	MOURAL	Christophe	1971-12-27	0161517937	cmoural5360@gmail.com
M.	GAUDAN	Thomas	1970-11-23	0470897356	thomas.gaudan@laposte.net
M.	KON-SUN-TICK	Maxime	1992-02-23	0195130865	maxime.kon-sun-tick@hotmail.com
M.	GRINDOS	Khalil	1983-05-27	0874681033	khalil.grindos@hotmail.com
Mme	BLIM	Hanae	1987-04-18	0193217034	hanae.blim@hotmail.com
M.	DEUVAOR	Romaric	1987-10-31	0717730490	rdeuvaor1749@gmail.com
Mme	DUBIURG	Nataly	1971-11-18	0756499181	ndubiurg529@free.fr
M.	GOSCHE	Moulay Mamoun	1994-11-23	0475756550	moulay-mamoun.gosche@yahoo.com
Mme	DREUYOR	Alexandra	1991-11-07	0289080871	alexandra.dreuyor@yahoo.com
M.	VOLLANUOVA GINZALEZ	Imane	1992-02-01	0309122521	ivollanuovaginzalez@outlook.com
Mme	PHON	Anna Christina	1994-09-24	0634976341	anna-christina.phon@laposte.net
M.	LULÉ	Jonathan	1994-05-08	0435985000	jlule@yahoo.com
M.	MINERD	Florent	1991-08-03	0417891894	fminerd5603@hotmail.com
M.	YOMAMATU TANAKA	Bastien	1992-06-13	0248191581	byomamatutanaka6188@gmail.com
M.	GUYOMERD	Xavier	1985-04-26	0459203247	xavier.guyomerd@gmail.com
M.	QUIIRIZ	Vincent	1986-01-12	0634243383	vincent.quiiriz@hotmail.com
M.	PIPOLLIA	Charly	1988-03-20	0823258200	cpipollia1586@free.fr
M.	HODZHOV	Tiago	1986-08-18	0284210435	tiago.hodzhov@laposte.net
M.	BUISSAN	Simon	1989-12-16	0912864635	sbuissan2812@hotmail.com
Mme	ILTAR	Anabel	1981-01-21	0323467975	ailtar@hotmail.com
Mme	PEUL	Laura	1989-08-23	0469371635	lpeul7768@free.fr
Mme	TEUMIE	Irénée	1984-11-05	0797907379	irenee.teumie@outlook.com
M.	AXBREYAT	Yohann	1970-03-24	0712799215	yohann.axbreyat@free.fr
M.	GANZILIZ OBANDO	Florent	1987-06-29	0235240411	fganzilizobando6203@gmail.com
M.	BOYLO	Philippe	1983-11-28	0559061517	pboylo2095@outlook.com
M.	TIRDY	Vincent	1979-09-29	0226814571	vtirdy2322@gmail.com
M.	CHONI-MENG-HIME	Emmanuel	1980-11-10	0557745829	echoni-meng-hime4744@hotmail.com
M.	DAGHMA	Jérémy	1970-01-26	0836897892	jeremy.daghma@yahoo.com
M.	EULD MOHAMODEN BABA	Jose Luis	1988-07-28	0817859156	jeuldmohamodenbaba9368@yahoo.com
M.	CERAGOULO	Ricardo Alberto	1979-10-21	0743942902	ricardo-alberto.ceragoulo@hotmail.com
M.	STERRS	Marc	1972-06-12	0484598185	marc.sterrs@free.fr
M.	UGHOTTA	Hubert	1986-03-17	0222610835	hughotta621@yahoo.com
M.	MITTO	Thomas	1994-12-12	0237332504	tmitto@yahoo.com
Mme	JECQUANAT	Yi Quan	1994-04-26	0826896518	yi-quan.jecquanat@free.fr
M.	IGBANGBE	Octavian	1978-01-11	0184943911	oigbangbe8930@yahoo.com
M.	BAURGAN	Loic	1984-01-26	0250773272	loic.baurgan@hotmail.com
Mme	DIUSSIN	Pekka	1988-10-25	0574679898	pdiussin6592@yahoo.com
Mme	GÖRLETZ	Estelle	1985-12-17	0236715079	estelle.gorletz@yahoo.com
M.	LINGLIIS	Guillaume	1987-10-30	0133834354	guillaume.lingliis@outlook.com
Mme	THELOT	Laura	1994-07-25	0855884060	lthelot4913@outlook.com
Mme	RILLIND	Sannine	1984-07-04	0623643306	srillind9619@yahoo.com
M.	MINNAUNA	Ianic	1984-01-26	0294088619	ianic.minnauna@free.fr
M.	GAJON PORADES	Azhar	1995-06-07	0722262772	agajonporades8267@yahoo.com
Mme	WESTOELS	Valérie	1983-02-03	0113284183	valerie.westoels@free.fr
M.	IOT-AEUDIA	Théo	1976-08-24	0471228085	tiot-aeudia@yahoo.com
Mme	MANNOT	Rym	1975-08-28	0951539597	rym.mannot@laposte.net
M.	LIGER	Adrien	1997-06-13	0429087770	aliger1112@free.fr
Mme	OBADII	Gabriela	1978-04-21	0682437950	gabriela.obadii@outlook.com
M.	FARAONI	Thibaud	1989-07-16	0586773153	tfaraoni3413@laposte.net
M.	LEU	Guillaume	1977-08-14	0107267191	guillaume.leu@free.fr
M.	FEKROT	Romain	1981-05-17	0374447938	rfekrot307@yahoo.com
M.	VARIPINMIDELY	Manuel	1996-05-08	0992000467	manuel.varipinmidely@outlook.com
M.	TILBI	Omar Ariosto	1991-09-22	0507123802	omar-ariosto.tilbi@outlook.com
Mme	KINDOL	Daphne	1986-10-25	0709018781	dkindol6014@yahoo.com
M.	MIRGAD	Yann	1993-09-28	0164484754	ymirgad8656@free.fr
M.	FEUGEROY	Billy	1983-11-28	0723327601	billy.feugeroy@free.fr
Mme	DEUVAAR	Oana-Maria	1996-06-27	0292469319	odeuvaar5057@laposte.net
M.	LOGGOERI	Victor	1977-04-10	0531004940	vloggoeri8576@hotmail.com
Mme	CEUDIRT	Mathilde	1988-06-03	0235904157	mceudirt9710@yahoo.com
M.	MADEINI	Loïc	1993-05-30	0107979988	lmadeini@outlook.com
Mme	LAENERT	Meriem	1986-07-28	0572987395	meriem.laenert@yahoo.com
M.	GILUMBEONU	Philippe	1993-10-01	0945963938	pgilumbeonu8850@laposte.net
M.	BRU MINSERROT	Raphaël	1987-10-02	0941781171	rbruminserrot@hotmail.com
M.	IONCU	Nicolas	1991-06-27	0333430964	nicolas.ioncu@laposte.net
M.	MAHJAUB	Azhar	1984-07-21	0968185120	azhar.mahjaub@free.fr
Mme	LO	Leila	1988-12-13	0116722183	llo@gmail.com
M.	PLETTONAN	Vincent	1997-02-20	0948207370	vincent.plettonan@hotmail.com
M.	DUSERT	Arthur	1993-10-14	0711234591	arthur.dusert@gmail.com
M.	ISTIER	Xavier	1979-10-05	0795839616	xistier@outlook.com
M.	MEURECO	Yannick	1991-09-17	0130160677	ymeureco8344@gmail.com
M.	TULIUP	Benjamin	1991-12-03	0643326945	benjamin.tuliup@yahoo.com
M.	LABROET	Raphael	1979-10-19	0676270835	raphael.labroet@outlook.com
M.	ROABROECK	Moez	1990-01-27	0139407863	mroabroeck@outlook.com
M.	MORY	Julien	1982-10-17	0884376708	julien.mory@free.fr
Mme	SILL	Claire	1986-12-23	0907039885	csill6978@free.fr
M.	HIUSTANT	Damien	1977-11-10	0972492652	damien.hiustant@gmail.com
M.	HUMBART-LABEAUMAZ	Guillaume	1978-09-04	0345874864	guillaume.humbart-labeaumaz@gmail.com
M.	GARCEA CARDENAS	Maxime	1996-10-17	0653324782	mgarceacardenas@laposte.net
M.	CROPAN	Maxime	1972-11-15	0550577190	maxime.cropan@hotmail.com
M.	TEMBERRENO	Guillaume	1985-08-28	0179757121	guillaume.temberreno@hotmail.com
M.	EAN	Martin	1973-06-10	0127352400	martin.ean@yahoo.com
M.	LIPOZ	Khalid	1992-10-07	0280983433	klipoz@outlook.com
M.	MAUSTANFII	Yibin	1977-03-23	0589278224	ymaustanfii102@yahoo.com
M.	LOGER	Thibaud	1986-05-02	0363281614	tloger5948@hotmail.com
M.	EAN	Fabrice	1986-08-28	0790721529	fean8923@laposte.net
M.	BENYEUB	Sébastien	1976-08-08	0272135324	sbenyeub1064@hotmail.com
M.	ERNAULT	Emmanuel	1988-06-20	0164221638	eernault6849@laposte.net
M.	CUCCHE	Vincent	1981-09-22	0232615089	vcucche@gmail.com
M.	RAHR	Jeroen	1979-04-11	0863895337	jeroen.rahr@hotmail.com
Mme	MAUTO	Paula	1983-11-21	0559908490	pmauto@outlook.com
M.	RACHERD	Jean-François	1975-09-19	0594784050	jean-francois.racherd@laposte.net
M.	JACQUET	Maxime	1985-07-15	0893457540	mjacquet9043@hotmail.com
M.	SODRY	Julien	1997-02-12	0830575560	jsodry5001@yahoo.com
M.	GOEGER	Bastien	1995-04-27	0299119445	bastien.goeger@yahoo.com
M.	GIYEL	Radu	1996-12-22	0918737630	radu.giyel@hotmail.com
M.	PREITO	Thomas	1985-08-21	0123247653	tpreito@hotmail.com
M.	VA	Loic	1983-02-28	0601957149	lva8876@outlook.com
M.	NOW	Philipp	1996-09-29	0705883594	philipp.now@yahoo.com
M.	MARTENAT	Simon	1991-03-29	0267232092	simon.martenat@yahoo.com
M.	KOLLER ROCHTER	Pierre	1996-09-02	0803906745	pierre.koller-rochter@outlook.com
Mme	YENG	Karen	1994-01-28	0599335457	kyeng217@free.fr
M.	EL MONSEURI	Mathieu	1978-01-11	0783759634	melmonseuri2274@hotmail.com
M.	TIEXEIRE DA CUNHA JUNIOR	Loïc	1996-10-06	0937347654	loic.tiexeire-da-cunha-junior@yahoo.com
M.	MAREAN	Antoine	1989-11-18	0974290146	amarean6594@laposte.net
M.	DI SOUZE ALMEIDA	Pierre-François	1990-06-04	0655422589	pierre-francois.di-souze-almeida@outlook.com
M.	SIPAN	Charlie	1984-07-29	0842610838	charlie.sipan@gmail.com
M.	ZOHLOKE	Sébastien	1980-08-27	0404173890	szohloke7536@outlook.com
Mme	JOEN	Flavie	1996-09-29	0244943919	fjoen6987@laposte.net
M.	MEOSANNEUVE	Jérémy	1976-08-12	0552704104	jmeosanneuve1356@gmail.com
M.	DAL CESTELLO IGAREDA	Mathieu	1975-10-08	0962152316	mdalcestelloigareda2260@outlook.com
M.	GROMILDI	Nicolas	1987-10-07	0125230149	ngromildi7815@gmail.com
M.	SANIPAYAN	Azhar	1973-02-21	0106606684	asanipayan@outlook.com
Mme	PAGUIT-LICROIX	Cynthia	1988-01-03	0905296877	cynthia.paguit-licroix@outlook.com
M.	DUFFY-CEASSIRD	Luc	1993-02-14	0605562481	luc.duffy-ceassird@free.fr
M.	SAMONNAT	Tristan	1993-01-07	0666811142	tristan.samonnat@outlook.com
M.	HAU	Rémi	1991-09-22	0495941741	rhau@laposte.net
M.	BAURJODI	Kevin	1980-02-29	0375679275	kevin.baurjodi@laposte.net
M.	DURENTAN	Xiao	1984-02-16	0607907192	xdurentan2246@gmail.com
M.	PADRILA	Benoît	1983-10-06	0804508984	bpadrila6269@hotmail.com
M.	KLAINPETER	Juha	1987-10-28	0232024236	jklainpeter8163@outlook.com
M.	HOLLE	Rémi	1984-12-06	0143626255	remi.holle@gmail.com
M.	JILY	Nicolas	1988-02-25	0525715704	njily331@free.fr
M.	BORDY	Monica	1988-04-18	0617632165	mbordy9892@yahoo.com
M.	SOUABE	Pablo	1978-12-26	0830490677	pablo.souabe@outlook.com
M.	ORMAJO BIDON	Lionel	1983-12-25	0700303977	lormajobidon1645@gmail.com
Mme	AOT EUASSARAH	Hanae	1988-05-13	0752160266	hanae.aot-euassarah@free.fr
M.	EL MOAREUFO	César	1981-12-22	0868655892	cesar.el-moareufo@yahoo.com
M.	SOLOSSE	Vincent	1974-12-26	0630781615	vincent.solosse@gmail.com
M.	PHEN	Cédric	1996-01-21	0763590852	cedric.phen@laposte.net
M.	RENDREAMANEHISOA	Stanislas	1984-04-23	0826483044	stanislas.rendreamanehisoa@free.fr
M.	MONNIT	Radu	1984-02-03	0649595680	rmonnit@gmail.com
M.	CHATALON	Xavier	1985-03-27	0342160134	xavier.chatalon@yahoo.com
M.	SANAPAYIN	Etienne	1993-05-10	0821168510	esanapayin4259@free.fr
M.	CEURLOT	Florian	1993-12-13	0948039309	florian.ceurlot@hotmail.com
M.	PROOTE	Thiébaud	1979-03-02	0847090862	thiebaud.proote@free.fr
M.	WETTERWOLD	Maxime	1985-04-01	0941736551	maxime.wetterwold@hotmail.com
Mme	SELESSE	Heidi	1984-05-09	0541093309	heidi.selesse@laposte.net
M.	BIILLY	Yann	1981-01-08	0920808319	yann.biilly@hotmail.com
Mme	BREDU	Sara	1988-04-01	0203896476	sara.bredu@laposte.net
M.	DU	Jean-Alexandre	1983-10-06	0333908329	jean-alexandre.du@outlook.com
M.	AUNEN	Rafael Armando	1996-01-27	0309872614	rafael-armando.aunen@gmail.com
Mme	JICQUALAN	Prisca	1986-02-06	0498289271	prisca.jicqualan@outlook.com
M.	CEMETS	Guillaume	1985-01-24	0956951854	guillaume.cemets@gmail.com
M.	MIRARU	Quentin	1981-04-30	0789615119	quentin.miraru@gmail.com
M.	TRON	Yannick	1980-11-11	0214929294	yannick.tron@hotmail.com
Mme	CESALLAS LION	Cyrille	1971-03-26	0485112405	ccesallaslion4841@outlook.com
M.	NIZEY	Fabio	1995-08-28	0778339069	fabio.nizey@free.fr
M.	DORAUSSEN	Eric	1989-12-07	0836029178	edoraussen@yahoo.com
Mme	CIEFFORD	Noora	1980-02-12	0359109119	noora.ciefford@gmail.com
M.	GUALLOU	Amine	1975-04-22	0370574705	amine.guallou@laposte.net
Mme	BOUCHICOT	Nataly	1994-09-13	0478518214	nbouchicot2412@gmail.com
M.	SENTOAGI MOURA	Tomas	1992-02-21	0311256819	tsentoagimoura1312@free.fr
M.	SOUZIT	Jean-Alexandre	1989-10-02	0153134671	jean-alexandre.souzit@free.fr
Mme	BEUZIR	Ida	1977-02-25	0587755185	ibeuzir3139@hotmail.com
Mme	DINEDAO GALVIS	Juliette	1990-06-27	0478287940	jdinedaogalvis9145@laposte.net
M.	PAHIJAC	Clément	1990-08-30	0982219147	clement.pahijac@yahoo.com
M.	VELADOER	Felix	1985-12-06	0759344616	felix.veladoer@yahoo.com
M.	PEGNIT	Baptiste	1993-09-22	0279969811	bpegnit5541@outlook.com
M.	LOCEONTRE	Damien	1996-05-30	0669418898	damien.loceontre@yahoo.com
M.	GEOCHON	Loïc	1991-09-07	0532537199	lgeochon9813@yahoo.com
M.	DEIN	Florent	1985-03-10	0616708935	fdein3598@hotmail.com
M.	TRZISNOEWSKI	Fabrice	1979-06-27	0748746151	ftrzisnoewski118@free.fr
Mme	MUGANO	Céline	1993-01-23	0431436169	cmugano4860@free.fr
M.	CHAVOLAER	Christophe	1996-12-23	0218502915	christophe.chavolaer@outlook.com
M.	IMAR	Grégory	1991-12-28	0377603756	gimar4581@hotmail.com
M.	SCHIFFET	Mohamed	1975-04-16	0563803132	mohamed.schiffet@gmail.com
M.	ROCO REGA	Omar	1986-04-04	0120153796	omar.roco-rega@yahoo.com
M.	SEYNAC	Romain	1976-01-19	0970752708	rseynac@free.fr
Mme	BIUTALAB	Yifei	1991-11-10	0720613004	yifei.biutalab@yahoo.com
Mme	MEALLAT	Hanae	1986-08-09	0115148131	hanae.meallat@laposte.net
M.	DUMENT	Naby Daouda	1996-07-01	0156198061	naby-daouda.dument@gmail.com
Mme	SCHOFFAT	Ghislaine	1970-08-15	0378966291	ghislaine.schoffat@yahoo.com
M.	GORCIA GARCIA	Lieven	1979-11-15	0925052731	lieven.gorcia-garcia@hotmail.com
M.	LIBRUN	Jérôme	1988-09-11	0636043452	jlibrun2474@hotmail.com
M.	HALESBEUX	Benoit	1978-05-03	0956996274	bhalesbeux@hotmail.com
M.	GEROLDO ISCOBAR	Antoine	1976-01-19	0868147806	ageroldoiscobar@hotmail.com
M.	GOSPAR NEGUIERA	Brice	1995-05-05	0822569655	bgosparneguiera9420@free.fr
M.	JENSSAN	Michaël	1991-11-17	0864909619	michael.jenssan@yahoo.com
M.	THIRME	Julien	1983-10-13	0513253103	julien.thirme@outlook.com
M.	DENG	Thomas	1990-11-21	0322848172	thomas.deng@hotmail.com
M.	MUNTIINU	Benoît	1996-12-22	0420532840	bmuntiinu1856@yahoo.com
M.	CAA	Yang	1997-11-24	0272854866	yang.caa@gmail.com
M.	MIRTONS	Maximilian	1980-07-14	0127183272	maximilian.mirtons@gmail.com
M.	FELNY	Naby Daouda	1981-09-05	0548228731	nfelny@free.fr
M.	BAN REHMA	Pierre-Yves	1978-11-14	0256917891	pierre-yves.ban-rehma@free.fr
M.	LAZE	Adrien	1985-02-08	0838580123	adrien.laze@free.fr
M.	BARGHENI	Matthieu	1980-04-12	0722959769	mbargheni3791@gmail.com
M.	IL MOAREUFO	Lyes	1984-12-14	0771671206	lilmoareufo7778@outlook.com
M.	GABY	Vlad	1992-02-04	0209147464	vgaby3075@free.fr
M.	BIRTON	Tanguy	1996-05-11	0429399157	tbirton2832@free.fr
M.	MARRAKCHA	Andréi	1992-08-13	0724910578	amarrakcha8777@laposte.net
M.	DUDIUIT	Florian	1981-04-30	0269504681	florian.dudiuit@laposte.net
M.	MORY DE MINTIGNY	Vincent	1971-01-04	0798987830	vincent.mory-de-mintigny@free.fr
M.	TAUREINO	Ion	1982-05-19	0290370935	ion.taureino@hotmail.com
M.	DUFFY-CIASSIRD	Stéphane	1979-06-26	0759449211	stephane.duffy-ciassird@gmail.com
M.	ORDEM	Ghali	1981-06-25	0304400217	ghali.ordem@hotmail.com
M.	MPAMBO BINI	Sébastien	1988-07-30	0823381807	sebastien.mpambo-bini@outlook.com
M.	DIAN	Yoann	1983-04-28	0719439121	ydian4545@gmail.com
M.	WASTPHIL	Wissal	1979-09-13	0810237937	wwastphil9145@gmail.com
M.	GRONDAS	Cédric	1986-05-10	0267426012	cedric.grondas@outlook.com
Mme	OBADII	Yaelle	1973-08-15	0647380386	yaelle.obadii@hotmail.com
M.	BONBEUZID	Vincent	1987-04-04	0652484911	vincent.bonbeuzid@hotmail.com
M.	MIGANA MARA	Guillaume	1990-12-18	0450962866	gmiganamara@yahoo.com
M.	CHIN	Fabio	1989-02-05	0297676545	fabio.chin@outlook.com
M.	PIYRIRD	Billy	1992-06-28	0380480986	bpiyrird@hotmail.com
M.	LOU	Flavien	1972-03-09	0437340532	flavien.lou@yahoo.com
M.	ZHEU	Vincent	1994-12-13	0966972380	vincent.zheu@outlook.com
Mme	BASSAY	Samarth	1984-08-13	0254482137	sbassay210@gmail.com
M.	QUEEREZ	Adrien	1983-08-14	0771403127	adrien.queerez@outlook.com
M.	DO LI TIRRE DIAZ	Charles	1992-05-18	0883079826	cdolitirrediaz@yahoo.com
Mme	BOUGAERD	Dounia	1993-02-10	0138108616	dounia.bougaerd@gmail.com
Mme	ILELJ	Prisca	1976-09-19	0238737133	pilelj6599@hotmail.com
M.	LOGER	Cristian	1986-12-11	0983044841	cristian.loger@laposte.net
M.	CHEIUO	Loïc	1995-05-12	0764824145	loic.cheiuo@gmail.com
M.	BENNOT	Yvan	1980-01-20	0214727255	yvan.bennot@outlook.com
M.	BENNET	Oscar	1991-04-24	0955009054	oscar.bennet@free.fr
Mme	LE	Anja	1977-03-30	0853137057	anja.le@free.fr
M.	MONEN	Yannick	1984-04-18	0852619874	yannick.monen@laposte.net
M.	OL MIAROUFO	Stéphane	1996-10-09	0739619594	solmiaroufo3865@hotmail.com
M.	OGBANGBE	Pierre	1979-10-20	0300420741	pogbangbe@outlook.com
M.	LIUROT	Juan Diego	1990-03-10	0305613967	jliurot@hotmail.com
M.	GINKON	Vincent	1993-08-15	0201542888	vginkon@hotmail.com
Mme	GINZALOZ CASTELO	Nor	1991-02-21	0531825015	nor.ginzaloz-castelo@gmail.com
M.	CUMON	Jérémy	1995-11-30	0430639071	jeremy.cumon@laposte.net
M.	MAGUIT	Alexandru	1988-06-28	0599923045	alexandru.maguit@hotmail.com
M.	SMIJKIL	Nicolas	1992-05-02	0948843291	nsmijkil1775@free.fr
M.	PRÜPPOR	David	1997-10-25	0570997857	david.pruppor@gmail.com
M.	BLACHO	Arnaud	1984-02-10	0646115380	arnaud.blacho@yahoo.com
M.	DAS SINTOS OLAVEIRA	Kevin	1985-03-13	0600002075	kevin.das-sintos-olaveira@hotmail.com
M.	DO VERDELHON DES MALLES	Philipp	1994-04-23	0990371670	philipp.do-verdelhon-des-malles@gmail.com
Mme	CHAMBEN	Ghizlane	1994-03-17	0421046172	gchamben704@free.fr
Mme	MIETA	Zakaria	1970-06-02	0611655116	zakaria.mieta@laposte.net
M.	RIVERDY	Romaric	1987-11-02	0325697819	rriverdy@yahoo.com
M.	BLAQUIORE	Etienne	1984-02-19	0449799754	eblaquiore6892@laposte.net
M.	HUONG	Adrian Alejandro	1988-01-06	0298347465	adrian-alejandro.huong@yahoo.com
M.	BONGAETXEO ORIONDO	Grégory	1987-06-07	0332665451	gregory.bongaetxeo-oriondo@gmail.com
M.	MICHABERT	Othman	1979-06-04	0337602851	omichabert@free.fr
M.	LE	Lucas	1977-08-15	0251831904	lle7900@outlook.com
M.	SEDRY	Stanislaw	1996-05-04	0390950517	stanislaw.sedry@free.fr
M.	IGUEL FIRRER	Berrenur	1996-09-27	0837614647	biguelfirrer1486@gmail.com
M.	UNTIRBERGER	Askarbek	1989-05-20	0395883450	askarbek.untirberger@gmail.com
M.	TAURNAAR	Etienne	1990-09-23	0528592368	etaurnaar2340@free.fr
Mme	KOÇOK	Malin Johanna	1985-02-03	0400517826	malin-johanna.kocok@laposte.net
M.	OUTRIBON	Archit	1993-11-09	0470279987	archit.outribon@outlook.com
Mme	CERANSAC	Liisa Maria	1975-08-09	0543757146	liisa-maria.ceransac@laposte.net
M.	OL MNEBHE	Jordan	1985-05-28	0458808276	jordan.ol-mnebhe@yahoo.com
Mme	BIURGAOIS	Lourdes	1974-11-10	0399149427	lourdes.biurgaois@hotmail.com
Mme	CHONA-MENG-HAME	Eva	1979-01-21	0209026740	eva.chona-meng-hame@gmail.com
Mme	L'HANEFF	Camille	1981-05-03	0664130096	camille.l'haneff@laposte.net
M.	CALARA CORTES	Quentin	1986-08-02	0658303337	quentin.calara-cortes@yahoo.com
M.	BOUCHOT	Thai Hoang	1996-12-28	0721173882	tbouchot9432@hotmail.com
Mme	BESITELLA	Cyrille	1970-03-14	0983988492	cyrille.besitella@outlook.com
M.	ILDH	Ali	1995-09-09	0991062077	aildh2923@yahoo.com
M.	SAARFECK	Cédric	1983-05-27	0467862698	cedric.saarfeck@yahoo.com
M.	EGIOR	Thibaud	1995-04-13	0605332782	thibaud.egior@yahoo.com
Mme	BUISSAN	Chahinez	1977-09-04	0597016498	cbuissan@gmail.com
M.	RUTTNIR	Corentin	1982-10-24	0774927311	corentin.ruttnir@gmail.com
M.	SIULORD	Xavier	1983-08-06	0633869254	xavier.siulord@laposte.net
M.	MORTON	Yann	1997-10-01	0709335674	ymorton6384@yahoo.com
Mme	REDIARE	Ericka	1977-01-30	0348434977	erediare@free.fr
Mme	TUDASA	Elodie	1983-02-23	0871030470	etudasa5107@laposte.net
M.	BORRY	Giuseppe	1977-05-12	0774955819	giuseppe.borry@yahoo.com
M.	LEHSONI	Nicolas	1988-03-01	0959900352	nicolas.lehsoni@laposte.net
M.	PRÜPPAR	Paulo	1985-09-04	0251478375	ppruppar@gmail.com
M.	YONG	Michaël	1986-08-23	0753735876	myong3924@free.fr
Mme	MORTONOZ HERNANDEZ	Saâd	1976-07-15	0455882642	saad.mortonoz-hernandez@hotmail.com
Mme	LOBAT	Caroline	1987-01-09	0854222956	caroline.lobat@gmail.com
M.	FIRNIO	Alberto	1991-09-03	0986592522	afirnio6333@yahoo.com
M.	MIYFFRET	Sébastien	1988-12-30	0962513627	smiyffret4749@yahoo.com
Mme	MAROIN	Helena	1984-09-23	0437843124	helena.maroin@outlook.com
M.	HOSNAS	Sylvain	1983-04-16	0770055060	shosnas@free.fr
M.	DUBAURG	Jeroen	1971-03-05	0923988806	jdubaurg@outlook.com
M.	IOT-AOUDIA	Thanh	1996-07-12	0488211087	tiot-aoudia@free.fr
M.	COTTAN	Stefano	1983-12-22	0795716084	scottan5588@laposte.net
M.	MERALOS JIMENEZ	Cédric	1983-01-16	0510036003	cmeralosjimenez998@outlook.com
M.	AUGENOA FERNANDEZ	Nicolas	1983-11-03	0172819872	nicolas.augenoa-fernandez@gmail.com
M.	BINDRISS	Imane	1990-11-28	0691879550	ibindriss4245@gmail.com
M.	GAAGER	Wael	1984-03-17	0928714459	wael.gaager@yahoo.com
M.	APAROCII	Timothée	1993-09-22	0288157240	taparocii9763@laposte.net
M.	MOSSENA	Damien	1987-04-23	0946332253	dmossena8702@outlook.com
M.	DA BELLOBRE	Guillaume	1987-02-06	0175271345	guillaume.da-bellobre@hotmail.com
M.	HLEVACIK	Paul	1992-11-17	0735997484	phlevacik@laposte.net
M.	JIINNAT	Vincent	1976-01-10	0110434957	vincent.jiinnat@yahoo.com
Mme	BAURJADA	Emilie	1975-06-14	0990332158	ebaurjada1268@gmail.com
M.	RARHAYE	Damien	1993-02-11	0628324686	drarhaye6070@outlook.com
Mme	PERASCHOV	Raluca	1983-09-02	0824284917	rperaschov5759@free.fr
M.	ILSHANBAYEV	Aurélien	1978-05-25	0427501470	aurelien.ilshanbayev@yahoo.com
M.	NIYROT	Olivier	1970-07-19	0629971241	oniyrot562@yahoo.com
Mme	BLOQUEERE	Pauline	1983-09-02	0389988409	pbloqueere@free.fr
Mme	GRINET	Beatriz Esmeralda	1987-03-03	0274140087	bgrinet267@hotmail.com
M.	MACHABART	Quentin	1994-06-25	0600288439	qmachabart@laposte.net
Mme	GUTAARREZ ARTEGE	Olivia	1984-03-16	0300132228	olivia.gutaarrez-artege@outlook.com
M.	CAZARLA	Fabrice	1985-01-13	0453691527	fabrice.cazarla@outlook.com
M.	CIQUOT	Sergiu	1985-03-13	0617870568	sciquot@hotmail.com
Mme	LO BERRE	Souad	1977-11-03	0131129950	sloberre4669@gmail.com
M.	FITAO MINIO	Robert	1983-08-06	0885229374	robert.fitao-minio@yahoo.com
M.	HIRNOY	Théo	1975-09-05	0322874789	theo.hirnoy@outlook.com
M.	BEAVIN	Edouard	1994-08-01	0115258892	edouard.beavin@free.fr
M.	GIRTU	Julien	1971-10-09	0951497239	jgirtu@laposte.net
M.	GOUDEN	Leonardo	1984-03-18	0195131533	leonardo.gouden@yahoo.com
M.	LIVEUGLE	Jean-Etienne	1978-02-21	0386492955	jean-etienne.liveugle@hotmail.com
M.	BACCENNAIR	Alexis	1991-05-27	0283053601	alexis.baccennair@laposte.net
Mme	JIB	Adnane	1989-09-28	0381477875	adnane.jib@free.fr
Mme	AL MANSOURE	Estelle	1988-12-13	0249683040	ealmansoure5701@hotmail.com
M.	TREVINA	Jean-François	1978-10-19	0406908744	jean-francois.trevina@outlook.com
Mme	VOLLENUEVA GANZALEZ	Oana-Maria	1986-11-26	0197188046	oana-maria.vollenueva-ganzalez@laposte.net
M.	FOLLMANN	Simon	1990-04-20	0804522087	simon.follmann@outlook.com
M.	EDROAN	Guillaume	1977-10-13	0437605784	gedroan@free.fr
M.	EBID	Corentin	1976-06-19	0659029367	cebid4124@laposte.net
M.	RAESGI FERREIRO	Yi Ming	1989-05-23	0389747975	yi-ming.raesgi-ferreiro@hotmail.com
M.	LE	Julien	1975-07-20	0734983703	jle@hotmail.com
M.	WISTPHAL	Thibaud	1979-03-09	0877040986	twistphal@yahoo.com
M.	LITT	Raphaël	1997-07-07	0755527086	rlitt6371@hotmail.com
M.	DESSINVILLI	Arthur	1975-03-05	0367778145	arthur.dessinvilli@gmail.com
M.	FAULQUIIR	Chao	1995-08-28	0237237201	cfaulquiir5091@yahoo.com
Mme	SOMENNET	Agnieszka	1978-05-20	0618844948	asomennet@laposte.net
M.	ROSENDE MOTTEALI	Benjamin	1990-12-29	0898154591	brosendemotteali5562@laposte.net
M.	OL MIUIHODINE	Julien	1971-09-12	0842917125	julien.ol-miuihodine@hotmail.com
M.	RAVIL	Franco Josué	1990-01-07	0925849390	fravil@laposte.net
M.	BUCH	Faycal	1991-04-10	0376972861	faycal.buch@yahoo.com
Mme	BERBIT	Sara	1986-06-21	0724065657	sberbit@yahoo.com
M.	THOUNAY	Yoann	1973-11-05	0113931450	yoann.thounay@outlook.com
M.	SEUMEALLIN	Chongguang	1983-11-19	0919133655	chongguang.seumeallin@hotmail.com
M.	BANNIFFI-MOITY	Julien	1978-05-19	0809632933	jbanniffi-moity@gmail.com
M.	NOFKHA	Yvan	1982-11-07	0495008146	yvan.nofkha@outlook.com
M.	CIMPOURCY	Faycal	1985-01-09	0388339067	fcimpourcy8823@gmail.com
M.	CIRIE	Pascal	1995-06-25	0795035242	pascal.cirie@free.fr
M.	LOTT	Édouard	1985-03-04	0214884314	edouard.lott@laposte.net
M.	SONCHOZ	Julien	1987-05-03	0631754313	jsonchoz@outlook.com
M.	CANQUELAAN	Arnaud	1981-05-27	0361542719	acanquelaan@hotmail.com
M.	LOVY	Samuel	1983-10-11	0426018102	slovy6465@yahoo.com
Mme	IUTROBON	Charline	1996-12-20	0569912416	charline.iutrobon@hotmail.com
Mme	ZEKI	Haykel	1973-09-16	0377556896	hzeki2508@free.fr
M.	IBADIA	Loïc	1993-07-21	0558583108	libadia8131@yahoo.com
M.	ACILLO	Marc	1983-08-05	0838137259	marc.acillo@hotmail.com
M.	BERALLA	Stéphane	1991-09-13	0695590661	sberalla2942@laposte.net
M.	YIPDEEU	Quentin	1994-11-18	0331717483	qyipdeeu3946@hotmail.com
M.	RIMEGNINO	Khalil	1995-08-06	0517056302	krimegnino@hotmail.com
M.	TULIUP	Pierre-François	1978-07-09	0580589861	ptuliup5329@hotmail.com
M.	NEHEL	Michaël	1995-01-17	0855441470	michael.nehel@yahoo.com
M.	GABILDA	Criti	1990-07-01	0293503085	cgabilda2970@gmail.com
Mme	CLOCHAR	Eléonore	1985-06-24	0673073109	eclochar@laposte.net
M.	SVORIVSKY	Moncef	1975-05-21	0822409457	msvorivsky@hotmail.com
M.	EBAENOU	Sylvain	1994-10-01	0905102869	sebaenou@outlook.com
Mme	TCHOUMOKOVA	Souad	1985-09-06	0187043658	souad.tchoumokova@gmail.com
M.	MILLADA QUONTANA	Jacques	1981-06-17	0202655088	jmilladaquontana2500@hotmail.com
M.	OBADEA	Félicien	1971-11-26	0237870738	felicien.obadea@hotmail.com
Mme	BARNERD	Charlotte	1985-09-15	0850964230	cbarnerd612@yahoo.com
Mme	MIRIC	Jessica	1983-12-10	0232539272	jmiric362@hotmail.com
M.	MARACHAL	Jean	1982-04-04	0727603851	jean.marachal@hotmail.com
M.	DUGUA	Houcem	1972-01-17	0846586417	hdugua6238@hotmail.com
Mme	ALTOR	Lan	1983-04-22	0161955449	laltor@laposte.net
M.	BEEUVAOS	Henrique	1989-08-07	0197343414	henrique.beeuvaos@laposte.net
M.	HIPEAK	François	1994-06-26	0424904979	fhipeak@free.fr
Mme	KNOUER	Sarah	1986-04-19	0119532486	sknouer1758@gmail.com
M.	GERCEA LIMON	Cédric	1974-05-17	0588343668	cedric.gercea-limon@yahoo.com
M.	TELLINOERE	Sven	1972-08-11	0115692455	sven.tellinoere@laposte.net
M.	HIU	Nicolas	1980-08-10	0968590790	nhiu8202@free.fr
M.	XHOMBULLA	Mathieu	1971-08-13	0840663607	mathieu.xhombulla@hotmail.com
M.	FALICES	Radu	1981-03-12	0800515073	radu.falices@yahoo.com
M.	CHOHBOUN	Florian	1983-05-10	0828984317	fchohboun3141@laposte.net
M.	OSPERAT	Vincent	1994-03-31	0424082938	vincent.osperat@hotmail.com
M.	SCHULTZ	Joachim	1993-06-05	0146860327	jschultz9715@free.fr
M.	BERD	Etienne	1985-03-26	0496879142	eberd1830@yahoo.com
M.	ARTOGON	Guilhem	1988-11-18	0527638049	guilhem.artogon@free.fr
M.	EAN	Paul-Rémi	1988-10-22	0931349079	paul-remi.ean@outlook.com
M.	VILLIUD	Jonathan	1983-02-22	0605446370	jonathan.villiud@gmail.com
M.	JESSENET	Thomas	1975-08-07	0275101263	thomas.jessenet@free.fr
M.	BLICH	Cédric	1985-02-01	0485298577	cedric.blich@hotmail.com
M.	FRANZATTO	Michaël	1987-08-18	0329289373	michael.franzatto@hotmail.com
M.	DOS SONTOS OLOVOIRA	Marc	1972-12-11	0127992527	mdossontosolovoira@laposte.net
M.	CHIVELOER	Deborah	1986-10-23	0385385931	dchiveloer@gmail.com
M.	PERCEVOL	Roman	1994-04-28	0166619916	rpercevol@yahoo.com
M.	LHUOLIIR	Stéfan	1984-08-15	0205642785	slhuoliir3829@gmail.com
M.	CAUMOC	Moises	1984-07-13	0189761012	mcaumoc@free.fr
M.	HICHÉ	Emmanuel	1986-04-08	0580147013	ehiche@laposte.net
M.	BRACHTI	Grégoire	1996-01-11	0260333171	gbrachti3189@outlook.com
M.	SMAJKEL	Cédric	1990-08-03	0625293226	csmajkel8698@gmail.com
M.	JUNIAT	Rémi	1970-01-04	0391811199	remi.juniat@free.fr
M.	DOHBI	Juan Gabriel	1980-04-20	0589501232	jdohbi7414@hotmail.com
Mme	GUOGUEN	Gabriela	1994-08-21	0719843316	gguoguen2418@hotmail.com
M.	KAORNIN	Simon	1984-02-16	0491717118	skaornin@hotmail.com
M.	GELON	Gwenaël	1973-10-20	0539585458	gwenael.gelon@laposte.net
M.	BIUZOD	Franco	1982-10-30	0331542321	franco.biuzod@laposte.net
M.	MENNAT	Antoine	1993-06-25	0637462956	antoine.mennat@hotmail.com
M.	LOCOUR	Stéfan	1974-05-21	0449030306	slocour@free.fr
M.	SIELLY	Lionel	1978-12-01	0985571945	lionel.sielly@laposte.net
M.	FARRER	Cheng	1986-10-02	0752288283	cheng.farrer@free.fr
M.	VAL	Maricel	1989-10-02	0966699636	maricel.val@free.fr
M.	MAUNEER-DESPINS	Benoît	1976-10-18	0291699944	benoit.mauneer-despins@laposte.net
M.	HERNENDEZ	Vincent	1996-06-27	0441564193	vhernendez@yahoo.com
M.	LIW	Denis	1994-09-01	0384221431	denis.liw@outlook.com
M.	GAUTEIR	Hubert	1986-05-05	0456572208	hgauteir@laposte.net
M.	NGUYON	Franco Josué	1985-12-02	0324674500	franco-josue.nguyon@free.fr
M.	ZHANG	Olivier	1991-06-25	0525699547	olivier.zhang@free.fr
M.	DUBEST	Clément	1990-02-06	0929417871	cdubest@gmail.com
M.	HU	Emmanuel	1992-04-10	0230821131	emmanuel.hu@yahoo.com
Mme	FALLMINN	Jia-Jing	1976-05-18	0800849412	jfallminn@yahoo.com
M.	WEOLLOERT	Quentin	1975-09-25	0654058404	quentin.weolloert@laposte.net
M.	RECE REGA	Simon	1970-02-14	0649669405	simon.rece-rega@gmail.com
M.	LOUBER	Marc	1988-09-15	0119149129	marc.louber@outlook.com
M.	DIES ARAUJI	Juan Gabriel	1982-06-16	0673919121	juan-gabriel.dies-arauji@yahoo.com
M.	MOUNAER	André	1980-11-14	0428402619	amounaer8064@outlook.com
M.	VIRKKUNIN	Berrenur	1993-01-06	0152564457	berrenur.virkkunin@gmail.com
M.	DIGHMI	Mohamed	1982-12-09	0198707397	mdighmi@yahoo.com
M.	GOURGOON	Christophe	1990-12-26	0211125473	cgourgoon7028@free.fr
M.	LEU	Guilhem	1986-10-27	0270577409	gleu2545@hotmail.com
Mme	KNEUIR	Florine	1995-12-09	0688598765	florine.kneuir@outlook.com
M.	YENG	Mohamed	1978-07-31	0474251114	mohamed.yeng@free.fr
M.	MARTENOZ ANAYA	Pierre-François	1993-02-22	0507649036	pmartenozanaya5561@outlook.com
Mme	AL GHERBA	Anis	1980-01-02	0384453658	aalgherba3179@free.fr
M.	EDREAN	Jérémy	1997-07-27	0375103175	jedrean@gmail.com
M.	GRONDAS	Olivier	1982-10-21	0507270127	olivier.grondas@free.fr
M.	ISTANOVE	Yary	1997-01-30	0684206522	yary.istanove@outlook.com
M.	DEAURI	Dorian	1984-07-28	0257699197	dorian.deauri@yahoo.com
M.	DO SAUZE ALMEEDA	Rémi	1994-04-01	0670322059	remi.do-sauze-almeeda@hotmail.com
M.	NICHALL	Cédric	1989-07-21	0860062886	cnichall8966@gmail.com
M.	PIREZ	Julien	1988-09-29	0169835724	julien.pirez@free.fr
Mme	MITOGET	Ziqing	1984-03-20	0587754642	ziqing.mitoget@free.fr
M.	REUCHON	Yassir	1985-06-18	0400753106	yassir.reuchon@gmail.com
Mme	HILLE	Xiao Jing	1978-06-12	0576192397	xhille4466@yahoo.com
Mme	CORRADOR JEREZ	Estelle	1994-06-20	0973670728	ecorradorjerez@hotmail.com
Mme	DONODIO GALVIS	Yaelle	1980-09-29	0671150503	yaelle.donodio-galvis@gmail.com
Mme	PROL	Sara	1994-05-28	0875538836	sara.prol@gmail.com
M.	EBADEE	Federico	1974-03-02	0883618400	febadee@yahoo.com
M.	BILLEFLEUR	Sheng	1984-04-02	0754361528	sbillefleur7233@yahoo.com
Mme	MAGNON-RIBIRT	Lucia	1978-01-08	0480302624	lucia.magnon-ribirt@yahoo.com
M.	DESSINVELLE	Lilian	1994-12-12	0810311655	lilian.dessinvelle@outlook.com
M.	GAGUILLOT	Sheng	1971-08-16	0191732652	sgaguillot6009@hotmail.com
M.	RACHORD	Adil	1984-10-17	0516715601	arachord1676@free.fr
M.	FITIO MINAO	Wissal	1991-11-29	0443922929	wfitiominao6901@gmail.com
M.	THEVENEUX	Dimitar	1992-05-19	0482814762	dtheveneux@yahoo.com
Mme	ESTOJO-STARZOWSKI	Laura	1991-02-10	0608029281	laura.estojo-starzowski@gmail.com
M.	CISTOA	Romaric	1983-07-08	0694781571	rcistoa@laposte.net
M.	RECIRD	Steeve	1994-04-07	0746693118	srecird7840@hotmail.com
Mme	COO	Sannine	1992-08-05	0207956800	sannine.coo@outlook.com
M.	EXBROYAT	Benoit	1994-11-03	0497827169	benoit.exbroyat@yahoo.com
M.	LAE	Jonathan	1984-05-26	0864224571	jlae7438@laposte.net
M.	GRONGI-PRADERAS	Vincent	1993-12-25	0860662022	vincent.grongi-praderas@hotmail.com
M.	VINDAMMI	Florian	1994-03-07	0521551670	fvindammi@hotmail.com
Mme	OGOOR	Julia	1990-06-17	0373658817	jogoor381@yahoo.com
M.	DI SEUZA ALMEEDA	Bo	1976-12-23	0765512267	bo.di-seuza-almeeda@outlook.com
M.	MULLIR	Andréi	1983-11-21	0940391365	andrei.mullir@hotmail.com
Mme	DIIURI	Andra	1993-12-21	0464138303	andra.diiuri@laposte.net
M.	TIMEBO LEUKAM	Cédric	1987-04-05	0125837865	cedric.timebo-leukam@gmail.com
Mme	BLONCHARD	Elwing	1995-06-29	0389434546	elwing.blonchard@hotmail.com
M.	BOYLE	Aymeric	1996-07-07	0659345674	aymeric.boyle@yahoo.com
M.	MIDEINI	Quoc-Duy-Tam	1977-09-24	0583802176	qmideini9322@yahoo.com
M.	CHAUERD	Raphaël	1991-03-03	0203487770	raphael.chauerd@outlook.com
M.	BELLERD	Thomas	1995-01-05	0719764273	thomas.bellerd@yahoo.com
M.	IRNOULD	Arnaud	1992-06-10	0193672965	arnaud.irnould@free.fr
M.	FEUDAT	Timothée	1975-05-09	0453089315	tfeudat@hotmail.com
M.	KNEUOR	Vincent	1983-02-14	0439313230	vkneuor5638@laposte.net
M.	MEUHSINE	Christopher	1975-09-17	0852540241	christopher.meuhsine@free.fr
M.	ZONTIDESCHI	Franck	1984-03-06	0505054011	fzontideschi@outlook.com
Mme	SEBOTTA	Sara	1984-03-18	0640741576	ssebotta@hotmail.com
M.	GUOLLEU	Benoît	1972-08-04	0732439601	bguolleu8391@hotmail.com
M.	XHIMBULLI	Romain	1991-10-30	0878049092	romain.xhimbulli@free.fr
Mme	ASCENDELL	Rebeca	1971-02-21	0388517513	rascendell426@free.fr
M.	MORON	Benoît	1990-09-18	0227417979	benoit.moron@free.fr
M.	DURINTIN	Ao Chen	1971-08-15	0759580715	ao-chen.durintin@outlook.com
M.	PANTOA	Cheng	1980-02-26	0829836629	cheng.pantoa@laposte.net
M.	SONCHOZ	Yannick	1989-12-26	0680077655	yannick.sonchoz@free.fr
M.	LEUVIL	Christophe	1971-02-24	0670392218	cleuvil@hotmail.com
M.	SEALLY	Jacques	1979-10-22	0932134041	jacques.seally@outlook.com
M.	FOGNE	Nicolas	1994-08-16	0742710078	nfogne@free.fr
M.	PITTIT	Victor	1997-11-30	0515124623	vpittit1463@outlook.com
M.	CILLAVO	Stéphane	1987-08-29	0245892231	stephane.cillavo@free.fr
M.	REVEL	Lionel	1988-01-03	0115768543	lrevel@free.fr
Mme	MEROAT	Ziqing	1994-06-01	0929543163	ziqing.meroat@yahoo.com
M.	LABROOT	Damien	1986-08-28	0264765460	dlabroot7750@hotmail.com
M.	BLAM	Jonathan	1986-01-13	0280000647	jblam5763@laposte.net
M.	BERBAUD	Alexis	1997-06-03	0716321008	alexis.berbaud@laposte.net
M.	POREZ	Adrian Constantin	1988-07-04	0468726231	aporez2392@outlook.com
M.	KLENGSHEIM	Hugo	1994-10-03	0946742114	hklengsheim@gmail.com
M.	BOLHODJ AASSA	Xavier	1989-01-15	0432057857	xavier.bolhodj-aassa@free.fr
M.	MAUZALO	Samuel	1983-02-07	0488544283	samuel.mauzalo@laposte.net
M.	RUTTNIR	Ji Seong	1993-11-19	0132037960	jruttnir@laposte.net
M.	MARTONS	Mustafa	1991-04-26	0579691602	mmartons@free.fr
M.	CIRDONA PONCI	Sébastien	1991-04-01	0709931810	scirdonaponci@hotmail.com
M.	JALAVEOU	Julien	1994-01-30	0924648407	jjalaveou6289@hotmail.com
M.	SAGHBONY	Arthur	1988-10-05	0613063880	asaghbony3004@yahoo.com
M.	MAROET	Antoine	1986-04-04	0862271654	antoine.maroet@hotmail.com
M.	PIREVERTEYLA	Sylvain Alexandre	1984-06-27	0655582339	sylvain-alexandre.pireverteyla@laposte.net
M.	FREUJY	Cyril	1972-10-29	0138396880	cfreujy4581@free.fr
Mme	JENAL	Katharina	1991-03-22	0867110884	katharina.jenal@gmail.com
M.	MAESANNEUVE	Julien	1994-08-02	0245654907	jmaesanneuve7489@laposte.net
M.	BERTROND	Cédric	1996-07-30	0191923866	cbertrond4304@gmail.com
Mme	LOM	Katharina	1985-10-15	0835973226	katharina.lom@free.fr
M.	BIBIRAER	Othmane	1993-04-10	0882547272	obibiraer8496@hotmail.com
M.	ADATTANO	Romaric	1991-11-29	0156004721	radattano342@outlook.com
Mme	NONE	Sabine	1983-07-11	0233051727	sabine.none@hotmail.com
Mme	LIZA	Anne	1986-03-30	0585299588	aliza9386@outlook.com
M.	GRIGIARE	José Nicolas	1982-11-04	0860836824	jgrigiare2103@gmail.com
M.	VIRGAS CASADEAGO	Mathias	1972-01-29	0835377497	mvirgascasadeago5664@free.fr
M.	CITALENO	Jonas	1989-11-10	0116709825	jcitaleno5638@laposte.net
Mme	FIRREER	Maud	1993-09-19	0393756157	mfirreer1469@gmail.com
M.	DUPARTAL	Romain	1988-07-13	0394326588	romain.dupartal@outlook.com
M.	SCHULZ	Moises	1970-09-01	0832061997	mschulz1302@free.fr
M.	CERBAAN	Stanislaw	1991-07-01	0402360011	scerbaan@free.fr
M.	BRIGARD	Rémi	1987-04-30	0404151989	remi.brigard@hotmail.com
M.	BLENCHARD	Mohamed	1983-02-17	0734310188	mblenchard5076@outlook.com
M.	PHEN	Ahmed	1980-07-18	0976469835	aphen@laposte.net
M.	STEN	Roy	1990-12-06	0570808324	roy.sten@yahoo.com
M.	RAYOR	David Alexander	1992-01-31	0729248826	drayor4625@free.fr
M.	IRMBRUSTER	Nicolas	1982-08-12	0135253373	nicolas.irmbruster@laposte.net
Mme	JIUMA	Alexandra	1977-02-07	0267981097	alexandra.jiuma@laposte.net
Mme	DOLIPERTE	Malin Johanna	1984-05-24	0197652785	mdoliperte1309@gmail.com
M.	JIINNE	Thomas	1982-01-19	0653632152	tjiinne8779@gmail.com
M.	IUGUSTIN	Vincent	1984-04-06	0872386494	vincent.iugustin@free.fr
Mme	FRANCHAT	Ganéche	1993-06-27	0839305312	gfranchat8506@yahoo.com
M.	GUILLARY	Aymeric	1996-11-12	0659987582	aymeric.guillary@yahoo.com
Mme	EKAN	Nor	1977-08-08	0401305757	nor.ekan@free.fr
M.	RESUTAKEVO	Etienne	1988-02-13	0771599443	etienne.resutakevo@laposte.net
M.	NGUYIN	Sébastien	1986-07-17	0902203956	snguyin8322@laposte.net
M.	SKEREDJ	Martin	1989-11-13	0174401531	mskeredj@free.fr
M.	MEISINNIUVE	Alexandre	1986-11-27	0848408204	ameisinniuve9661@free.fr
Mme	SIVES	Oana-Maria	1980-11-08	0360928545	oana-maria.sives@gmail.com
M.	CUCCHA	Cyril	1995-12-12	0599941887	ccuccha4844@yahoo.com
Mme	TYL	Angélique	1992-09-28	0251188792	atyl6553@free.fr
Mme	BURGAS HORRERO	Marie	1996-09-16	0849751762	marie.burgas-horrero@laposte.net
M.	VELLONUOVA ZACARIAS	Paul-Rémi	1984-04-02	0901357174	pvellonuovazacarias@gmail.com
M.	PREMIULT	Quentin	1988-01-07	0688600931	quentin.premiult@hotmail.com
M.	DIEE PIROS DOS SANTOS	Loic	1982-11-30	0821791084	ldieepirosdossantos@free.fr
M.	ELILJ	Amine	1989-02-11	0426628448	amine.elilj@gmail.com
Mme	NOGUOORI DE SOUZA	Marina	1970-04-12	0236583403	marina.noguoori-de-souza@free.fr
M.	GENZALIZ CASTELO	Ion	1978-05-09	0592057161	ion.genzaliz-castelo@gmail.com
M.	AMMENON	Romain	1985-07-30	0674720352	rammenon4637@laposte.net
M.	CEFFART	Marwane	1992-04-09	0260331347	mceffart8082@hotmail.com
M.	BIUCHACOT	Florent	1986-05-27	0763971251	florent.biuchacot@gmail.com
Mme	GRINDOS	Ganéche	1991-12-21	0461241948	ggrindos3492@yahoo.com
M.	LOGUELLE	Guillaume	1983-07-13	0184151755	guillaume.loguelle@laposte.net
M.	KERIMNES	Nawfal	1993-08-02	0637586458	nkerimnes@outlook.com
Mme	SONGH	Fabienne	1984-06-27	0372660272	fabienne.songh@hotmail.com
Mme	HEJALI	Karen	1988-07-27	0662941870	karen.hejali@gmail.com
Mme	MERIIN	Caroline	1970-11-16	0350484852	caroline.meriin@outlook.com
M.	BOUARY	Moises	1995-11-12	0647074354	moises.bouary@outlook.com
M.	DEUDAN	Marc	1981-01-25	0741060428	mdeudan@yahoo.com
M.	RASENDE MOTTIALI	Kevin	1992-11-12	0931216829	krasendemottiali@laposte.net
M.	KIHN MORANO	Marouane	1980-10-28	0214092502	marouane.kihn-morano@outlook.com
M.	THEREND	Mauricio	1970-01-29	0404995951	mtherend@outlook.com
M.	MONDEON	Roy	1995-12-05	0666415193	roy.mondeon@yahoo.com
Mme	BATAALLO	Estelle	1981-02-05	0218476598	estelle.bataallo@free.fr
Mme	KURZA	Liisa Maria	1977-12-31	0854319661	lkurza1197@yahoo.com
M.	VOINIAR	Thierry	1983-02-15	0489830301	thierry.voiniar@gmail.com
M.	LA	Yann	1983-06-05	0985377763	yann.la@outlook.com
Mme	GORNY	Soraya	1971-03-07	0314256641	sgorny@laposte.net
M.	DOMONGET	Stanislas	1996-07-12	0740432807	sdomonget7251@free.fr
M.	FRONCHET	Joachim	1987-06-14	0695307159	joachim.fronchet@yahoo.com
M.	GORNY	Jean-Andréi	1987-06-15	0887388220	jgorny660@hotmail.com
M.	DACENENCK	Julien	1985-11-16	0925096714	jdacenenck5830@laposte.net
M.	BESETILLI	Paul	1988-11-09	0173965410	pbesetilli@yahoo.com
M.	POARREL	Yannick	1980-08-07	0380122365	yannick.poarrel@hotmail.com
M.	BRUCY	Daniel	1977-12-13	0754118292	daniel.brucy@outlook.com
M.	BILEN	Alejandro Gabriel	1994-10-21	0482926446	abilen@hotmail.com
M.	COTTELAON	Guillaume	1984-06-03	0287098749	guillaume.cottelaon@free.fr
M.	TORSEN	Pierre	1972-08-13	0599721378	pierre.torsen@hotmail.com
M.	ASEZA VAGA	Sébastien	1984-06-18	0177013785	sasezavaga156@free.fr
M.	TALLONAERE	Matthieu	1996-06-11	0660115205	matthieu.tallonaere@yahoo.com
M.	JOENROY	Paul	1983-01-16	0496385279	paul.joenroy@hotmail.com
M.	BENNORD	Vincent	1995-04-17	0913686314	vincent.bennord@free.fr
Mme	LACIINTRE	Servane	1992-01-12	0373259593	servane.laciintre@outlook.com
M.	FALICES	Thomas	1979-06-02	0438036753	thomas.falices@free.fr
M.	GORMAEN	Patrick	1988-07-27	0530779357	pgormaen@yahoo.com
M.	PRÜPPOR	Munbeom	1978-05-01	0660576806	mpruppor8863@yahoo.com
M.	CESTIE	Ao Chen	1975-03-26	0788187500	ao-chen.cestie@yahoo.com
M.	OKON	Walid	1992-04-22	0146653562	walid.okon@laposte.net
M.	PACCELO	Loic	1982-12-23	0246287195	lpaccelo@gmail.com
M.	HOCKIR	Léo	1977-01-13	0441974867	leo.hockir@gmail.com
M.	MOGUET	Stéphane	1991-10-19	0986323163	smoguet503@laposte.net
M.	BENNIRD	Ali	1992-06-04	0620609384	abennird5722@outlook.com
M.	PENTON	François	1985-04-20	0500481751	francois.penton@laposte.net
M.	POOROT	Otto	1989-08-30	0239420738	otto.poorot@hotmail.com
M.	BORRY	Andrew	1996-08-27	0764004297	andrew.borry@yahoo.com
M.	PERRAMON	Andréi	1985-09-15	0884645647	andrei.perramon@yahoo.com
Mme	VETTIKKO	Liliana	1974-11-19	0197300937	liliana.vettikko@hotmail.com
M.	PAURCELOT	Thibaud	1986-05-21	0702165317	tpaurcelot954@laposte.net
Mme	DUGUO	Adjoua	1982-01-30	0789870074	aduguo6787@hotmail.com
M.	EAT AUASSARAH	Jose Luis	1975-06-13	0996212704	jeatauassarah9566@outlook.com
M.	JENSSON	Olivier	1990-11-04	0564094090	olivier.jensson@free.fr
M.	BEN RIHMA	Marc	1982-12-13	0806172579	mbenrihma3527@gmail.com
M.	MENDAEN	Mathias	1982-12-18	0905011963	mmendaen@outlook.com
Mme	CINQUOLAIN	Oana-Maria	1995-08-23	0871154446	ocinquolain@hotmail.com
M.	MESSOGE	Marc	1989-08-25	0688605853	mmessoge@hotmail.com
M.	COMPI-PAYSAA	Jérémy	1989-11-17	0847437364	jcompi-paysaa1618@yahoo.com
Mme	REMANANANTAANDRO	Olivia	1983-09-04	0597003185	oremananantaandro9067@gmail.com
Mme	RIN	Yasmina	1980-08-12	0926971770	yrin9309@yahoo.com
Mme	MIONE	Zakaria	1978-02-11	0137972261	zmione7492@hotmail.com
M.	MIHJIUB	François	1984-04-18	0329820363	fmihjiub5970@yahoo.com
M.	GOVREY	Julien	1988-05-11	0996179649	julien.govrey@hotmail.com
M.	BONNEFFI-MOETY	Sébastien	1984-12-09	0109986826	sbonneffi-moety4859@free.fr
M.	WOEGNER	Julien	1974-12-27	0927140400	julien.woegner@laposte.net
M.	PICH	Emiliano	1988-10-20	0103385693	epich8049@laposte.net
M.	PIQUELEER	Pierre	1984-02-10	0340846080	pierre.piqueleer@gmail.com
M.	TOSSIIR	Kévin	1984-06-30	0426783914	kevin.tossiir@gmail.com
Mme	REMOGNENO	Julie	1987-12-21	0766302412	jremogneno@yahoo.com
Mme	NASSER	Taissia	1982-02-09	0253598051	taissia.nasser@laposte.net
M.	ZHU	Quentin	1977-11-14	0290521969	qzhu6773@gmail.com
M.	LA	Nicolas	1985-04-22	0768255411	nicolas.la@yahoo.com
Mme	CRAPET	Ziqing	1976-10-19	0831996525	zcrapet1660@laposte.net
M.	MIKOUOR	Daniel	1991-02-12	0101071350	daniel.mikouor@gmail.com
Mme	PERES FRONCA	Mihaela	1985-01-05	0829804139	mihaela.peres-fronca@gmail.com
M.	JESSINIT	Mohamed	1988-09-29	0830980255	mjessinit@free.fr
M.	NOGY	Edouard	1985-01-17	0570350031	enogy@yahoo.com
M.	FIUCHET	Petr	1976-11-01	0814672524	pfiuchet5224@free.fr
M.	DALERUE	Ronald	1985-09-11	0317658982	ronald.dalerue@outlook.com
Mme	ABBEUR	Rym	1985-11-13	0577459411	rym.abbeur@yahoo.com
M.	BERDY	Édouard	1988-06-23	0135449241	edouard.berdy@yahoo.com
Mme	TORDY	Emilie	1976-08-16	0376846955	etordy4899@outlook.com
M.	BIURGIOOS	Florent	1973-04-27	0712788131	florent.biurgioos@yahoo.com
M.	LUCOS	Johann	1986-07-24	0435647110	johann.lucos@outlook.com
M.	DUDEUET	Joachim	1974-03-11	0606612603	jdudeuet2788@laposte.net
M.	LODURE	Michaël	1975-06-08	0161963665	michael.lodure@outlook.com
M.	BREGARD	Stéphane	1973-04-23	0363386932	sbregard@free.fr
M.	VELLONUIVA GINZALEZ	Fabien	1986-04-16	0643557243	fvellonuivaginzalez9359@hotmail.com
M.	MAUSTANFAI	Jérémy	1995-04-13	0678416077	jeremy.maustanfai@outlook.com
M.	IUTHIOR	Thomas	1994-07-15	0931227026	tiuthior8509@outlook.com
M.	FLEERAS	Jeroen	1987-06-05	0261212960	jfleeras2824@gmail.com
M.	BLINDIAU	Huan	1986-01-18	0444625641	huan.blindiau@outlook.com
M.	NECHALL	Philippe	1995-09-14	0421688682	philippe.nechall@yahoo.com
M.	DUGUO	Mathieu	1981-04-17	0178223396	mduguo6994@outlook.com
M.	CILERI	Diego	1973-10-17	0953081134	diego.cileri@outlook.com
M.	FAUGORIY	Thibault	1991-08-17	0240243323	thibault.faugoriy@hotmail.com
M.	TREN	Antoine	1983-06-22	0491556794	atren@free.fr
M.	TULEUP	Li	1972-07-08	0263015577	li.tuleup@gmail.com
M.	PAOSA	Henrique	1988-07-04	0278779480	henrique.paosa@hotmail.com
M.	BLIQUAARE	Damien	1992-08-11	0616893072	damien.bliquaare@gmail.com
Mme	DIRGHAM	Milena	1985-11-13	0530504140	milena.dirgham@hotmail.com
Mme	SAUMEELLON	Meryem	1986-05-21	0397445891	meryem.saumeellon@laposte.net
M.	CALLODON	Sergiu	1980-06-11	0541713123	sergiu.callodon@gmail.com
Mme	SCHNOIDER	Elody	1990-08-03	0475184176	elody.schnoider@yahoo.com
Mme	DO RAUSAERS	Yunjie	1991-03-17	0272345262	yunjie.do-rausaers@yahoo.com
M.	FUTEAKA	Davy	1982-07-27	0794676780	davy.futeaka@yahoo.com
M.	LUCOS	Mohamed	1986-04-05	0216894522	mlucos5613@free.fr
Mme	PHIN	Emilie	1977-05-09	0736948757	emilie.phin@gmail.com
M.	TALBE	Walaa	1990-10-23	0893768311	walaa.talbe@yahoo.com
Mme	BIRGIS FERREERI GOMES	Louise	1989-09-08	0783982861	louise.birgis-ferreeri-gomes@laposte.net
M.	FAUILHA	Anh duc	1997-05-21	0853152623	afauilha7154@laposte.net
Mme	HUING	Jia-Jing	1987-09-27	0396522735	jhuing4812@outlook.com
M.	HAUILLON	Emmanuel	1993-01-13	0494333002	emmanuel.hauillon@yahoo.com
Mme	NETAN	Lucile	1991-01-16	0141228322	lucile.netan@hotmail.com
M.	HAJALA	Stéphane	1983-08-11	0440731190	shajala7205@gmail.com
M.	POQUELOER	Andréi	1983-09-08	0461115162	apoqueloer@outlook.com
M.	MECHABART	Jean-Christian	1996-06-04	0603083600	jean-christian.mechabart@yahoo.com
Mme	ERNAUD	Sahra	1984-05-20	0691165809	sernaud@laposte.net
M.	BROCHTO	Lilian	1977-04-14	0409298280	lbrochto6259@hotmail.com
M.	GONTRAC	Fernando	1980-12-04	0467958238	fernando.gontrac@laposte.net
Mme	YISHOA KUSSUDA	Nathalie	1985-11-27	0138061582	nyishoakussuda6419@yahoo.com
M.	FRUGOIR	Christopher	1994-12-29	0133931821	christopher.frugoir@gmail.com
M.	LUCIS	Juan Daniel	1992-02-21	0936486749	juan-daniel.lucis@laposte.net
M.	ABADAO	Antonin	1983-05-22	0185527544	aabadao@hotmail.com
M.	GIDALU	Romain	1987-11-23	0391690507	rgidalu@laposte.net
M.	PORSANS	Pierre	1984-02-26	0475567348	pierre.porsans@outlook.com
M.	MEDREE	Sébastien	1973-05-08	0628260346	sebastien.medree@hotmail.com
M.	WOSTPHEL	Antoine	1989-05-21	0722637008	antoine.wostphel@hotmail.com
M.	BRUNAOR	Cédric	1997-06-04	0622405174	cedric.brunaor@hotmail.com
M.	BORTILUS	Pierre	1975-04-12	0320588613	pierre.bortilus@gmail.com
M.	XHAMBULLO	Stéphane	1988-07-09	0810619918	stephane.xhambullo@outlook.com
Mme	PAMITESCU	Olena	1983-05-06	0368283469	olena.pamitescu@laposte.net
M.	PITIET	Jérémy	1981-11-21	0829664559	jeremy.pitiet@free.fr
M.	GOVROLAV	Adrien	1970-04-02	0144027120	agovrolav@laposte.net
M.	PERROAUX	Guillaume	1988-05-06	0577263312	gperroaux1007@hotmail.com
M.	VI	Chongguang	1978-03-03	0279666502	cvi@gmail.com
M.	STEOLY	Rémy	1994-01-26	0676300512	rsteoly@outlook.com
M.	SEJILMISSI	Victor	1972-12-23	0571091807	vsejilmissi7378@free.fr
M.	MAURAL	Alexis	1992-07-17	0943107512	amaural7801@outlook.com
M.	CHEBBORT	Amine	1973-03-06	0711406355	amine.chebbort@gmail.com
M.	JAETSA KENGNE	Philipe	1986-01-03	0716769191	pjaetsakengne5867@outlook.com
M.	THEO THIEN NGHIA	Sannine	1973-06-30	0400043691	sannine.theo-thien-nghia@laposte.net
M.	GORVIOS	Benjamin	1971-03-02	0595081718	bgorvios5920@hotmail.com
M.	RUTTNAR	Bertrand	1985-11-04	0732177082	bruttnar8521@yahoo.com
M.	LA	Oscar	1983-08-05	0604929989	oscar.la@outlook.com
Mme	OICHI	Li	1995-05-01	0950656137	loichi3109@yahoo.com
M.	FEUALHI	Hendrik	1997-07-18	0799301768	hfeualhi@laposte.net
M.	GINZILEZ PISA	Jérémy	1988-05-12	0964365250	jginzilezpisa@laposte.net
Mme	MEUGOL	Alisson	1988-10-30	0268863526	alisson.meugol@hotmail.com
M.	IGBANGBI	Cyril	1988-08-04	0699344962	cyril.igbangbi@gmail.com
M.	RIUCHON	Pierre	1992-04-19	0910888647	pierre.riuchon@hotmail.com
M.	ILOMBE ISOMBACO	Michaël	1997-07-02	0415660698	milombeisombaco9992@hotmail.com
M.	MIGNAN	Huage	1971-04-30	0455278563	huage.mignan@free.fr
M.	KEMARO	Cédric	1986-04-10	0759185427	cedric.kemaro@hotmail.com
M.	FORNANDEZ FERNANDEZ	Jose Luis	1989-02-16	0972719855	jose-luis.fornandez-fernandez@gmail.com
M.	BONGOETXEI ORIONDO	Moctar	1993-02-08	0228303213	mbongoetxeioriondo@free.fr
M.	TCHIUMAKOVA	Nicolas	1994-08-19	0764958504	ntchiumakova9963@yahoo.com
M.	FERRAER	Anthony	1974-05-22	0378987725	anthony.ferraer@outlook.com
M.	GIREUX	Zouhair	1976-08-16	0431819553	zouhair.gireux@laposte.net
M.	DA PISQUALI	Harshawardhan	1987-04-26	0807265795	hdapisquali5657@hotmail.com
M.	BUISSIN	Paul	1977-04-01	0677812557	paul.buissin@laposte.net
M.	DUSIRT	Gaëtan	1984-02-26	0786092776	gdusirt5774@free.fr
